robustpca_score,manifold_score
0.012149626760651818,2.6481536735324493e-34
0.013510983178017232,8.466820857804356e-05
0.01282902964288937,7.342898732218173e-09
0.009107729719349382,1.3642003772742921e-34
0.012149626760652414,2.6481536735324493e-34
0.012149626760652102,2.6481536735324493e-34
0.013790518097253844,2.6481536735324493e-34
0.012149626760652102,2.6481536735324493e-34
0.012149626760652102,2.6481536735324493e-34
0.012829029642889645,7.342898732218173e-09
0.012829029642889645,7.342898732218173e-09
0.012630370987834224,6.759144395758515e-08
0.012630370987834224,6.759144395753802e-08
0.012348285415707544,1.0428952167479784e-05
0.013738514145138497,0.00030616245163817804
0.009107729719349695,1.3642003772742921e-34
0.012149626760652102,2.6481536735324493e-34
0.012829029642889645,7.342898732218173e-09
0.01053475293350962,0.0008038673974446968
0.011629000532343817,0.000531814775230646
0.047893678962719816,0.0005494653731906231
0.04426337641745554,0.0006365786901979848
0.0077102210187352214,9.708566708991787e-05
0.0068737095205902475,0.000309772298825556
0.013732945261312796,0.00040798189696910985
0.042661751230556044,0.0011015484739441085
0.014581129220270453,0.00048755002436423367
0.01770938211042723,8.778600712810331e-05
0.03322390342333381,0.0002641322612925178
0.006034381017874824,3.91489274507458e-05
0.01126232779601649,2.049139825094007e-05
0.011680295905970512,0.00010491839363561175
0.023831305145829807,0.0022510141267013516
0.012973296563901518,0.00018282206229980184
0.025518589012126874,0.00023295775931348137
0.014187177138141974,0.00022442405686784009
0.028015355273953157,0.0006597814490070181
0.016702040369261,0.0018974738732756996
0.006273194713217907,3.5398482450000105e-05
0.013015203430847102,0.0001945510007061702
0.02921986161702686,0.0001844164286503163
0.02852471774738922,0.00024591495152676094
0.01758744535577732,0.0009245445823765564
0.023895407031648424,0.0003975614849029918
0.010952236854619874,5.834387546684082e-05
0.009988109195742077,9.220792115658925e-05
0.01400059012480976,9.930713519259539e-05
0.021796511215299196,0.00022232120654765858
0.017457133213470286,0.0002570767469872682
0.030735642890728842,0.0004950403706036989
0.02187651750434605,0.00015865232532483398
0.01817014900957063,0.0007704688318666458
0.026268229367951878,0.0012113435442487085
0.04770165341924767,0.0028524646683939577
0.03260811445684995,2.708207146220101e-05
0.032179231901519854,0.00014754255295706164
0.032172906817171866,6.380175727722036e-05
0.029291056855774236,0.00034068086163709647
0.01717637176870886,0.00015915212677557522
0.020042839402017214,1.817002852016186e-05
0.014178869374823886,0.00014002857440078558
0.01411091839267021,3.4614526950165554e-05
0.02107962625374508,0.0003498539230724525
0.010474139951623515,0.00014660345745183233
0.04058919863734265,0.0008948821986110717
0.0210810060725591,0.0001394726203447565
0.032155375598937726,7.316821446235463e-05
0.02536280364225887,0.0006734093053735322
0.03325039975593664,0.0004783490677801186
0.03294621076751641,0.00013293397040170277
0.015035043177358246,4.979067264977806e-05
0.02552848077156877,0.00024785720740337836
0.018329359629243775,0.000910050824261157
0.022751402890494214,0.0006484445893121818
0.024393772813543796,0.00018137582017930574
0.027787892076984497,9.29145615210454e-05
0.042031431318889055,0.0007860584908271841
0.043797108721505384,0.0002544337144891779
0.03361205743851087,0.001966622951350436
0.033097650667848574,0.002037776484212798
0.024637175769498972,0.00015123826389736923
0.03316160601916931,0.0015166952844291425
0.04083948099795138,0.00012133491230176855
0.03976319827448813,0.0008574722704089506
0.03645835183545231,0.0007015846691733096
0.0340783525076662,3.064008438694985e-05
0.03819571231552515,0.000994761714838141
0.016793255690512134,0.0002183850076456686
0.036000823095957306,0.00028312075685716455
0.03457338904641627,0.0002585215909171046
0.022730346514745415,0.0009321386632088468
0.015737374990127992,6.550084179732064e-05
0.016962949156355853,0.00016930164394087305
0.021822708623019434,0.0002963410239028417
0.014152649932490163,0.00033435405056600264
0.016962949156355853,0.00016930164394087305
0.01975955004538339,5.447835198948881e-05
0.01453232670689908,0.0005819715392406355
0.02726540542146871,0.00014168254781505982
0.021971862720957427,0.0005590076245558344
0.0280572153329241,0.00045530948036711966
0.029839126753547565,0.00021334826739144333
0.005148589782944684,0.0008579682673059717
0.021008100835945277,4.357850237021829e-05
0.020662561513599676,0.0003769515284632865
0.047210518056855645,0.0009273888317880343
0.024494221581871436,0.0001243484165301663
0.03745211795558188,0.0005244727686819565
0.020230320884335008,0.00013000713120508363
0.034689466024640396,0.000161404768059189
0.02512131737514776,0.0004976101079023262
0.029451456691820418,0.00048372061715301265
0.03217157885678865,8.658861699383678e-05
0.019116058273254178,0.0001136294921566218
0.028609038571841595,1.4023795682176191e-05
0.017878934870233152,0.0008054457306660083
0.051352104300045574,0.0006903275840265381
0.03416133210255848,0.0002970047982091834
0.028876990815501977,0.00034193226120111334
0.02261386095119307,0.00016490415586027846
0.02901554464292404,2.40299118177541e-06
0.021949049888063527,0.00016710940021551798
0.027570785457698994,0.0002845496681230888
0.034264316767763904,0.00023653832567232809
0.017722158238283717,0.0011510030446814873
0.03482042633105265,0.002739178598798926
0.056939432754585906,0.00026478570860166256
0.04061950853068257,0.0018413686141097337
0.03256270251802621,2.5459081394930284e-05
0.04061885060461498,0.00013737431814265488
0.032212427637193564,0.000997291830153473
0.030319493526602775,0.0007085692236263692
0.0267959137862902,0.00035010034756829646
0.018779969946662093,0.00020957050226411893
0.04371685304454948,0.0003447397746537216
0.012149626760652102,2.6481536735324493e-34
0.005971308532580043,0.004455878783723305
0.013790518097253844,2.6481536735324493e-34
0.011229365283133582,2.5886228421332647e-06
0.009107729719349695,1.3642003772742921e-34
0.013790518097253844,2.668215443786483e-34
0.009107729719349695,6.520075332560954e-34
0.013790518097253844,2.6481536735324493e-34
0.012149626760652102,2.6481536735324493e-34
0.013790518097253844,2.668215443786483e-34
0.013991727405199812,8.783023088520312e-05
0.009107729719349695,0.0
0.009107729719349695,1.3642003772742921e-34
0.011229365283133582,2.5886228421332647e-06
0.012630370987834224,6.759144395753802e-08
0.013790518097253844,2.6481536735324493e-34
0.013790518097253844,2.7284007545485843e-34
0.009107729719349695,8.024708101613482e-36
0.01987353430657066,0.00016281951160282602
0.025827125872789722,0.004888101377301391
0.01823342084325673,5.483148818860319e-05
0.028402917447408912,0.001384120878866248
0.04262626958416555,0.001675619921966973
0.006688635687723667,6.390934073800533e-05
0.008179592273903108,0.00012657537907171255
0.01126232779601649,2.049139825094007e-05
0.01367781039997608,0.00012649150562777804
0.03869347730914793,6.889805177001665e-05
0.023810777581736636,0.0003340396481848391
0.024208094891847515,0.00022451660768760704
0.013213862085902498,0.000441801374213416
0.011969361962146742,0.0011079397988626887
0.027111345266225512,0.0014556045000791186
0.02633200978459881,0.0001696515974571978
0.02933813175085963,0.00011666970111072086
0.013220718203120582,0.0003079028899280522
0.02628782728830607,0.000709829430998574
0.036804166829694444,0.0003906872213137723
0.016200217313138778,0.00016354677021154483
0.029816031519920166,0.00010984403008208017
0.008156016581658666,4.021477071732903e-05
0.012352802159397436,0.00022908621676959073
0.011328960843939362,0.00014670215915667188
0.02229422214152164,0.0005072786709059264
0.03231320300473077,0.0004758627559072447
0.026626276730355194,0.0008796083911144378
0.0422678349753862,0.0006193649047393385
0.01484894400886235,0.00031005899411548366
0.05055231368376764,0.00038987030610110763
0.033926088972062673,0.0003744192528810124
0.015223908618093926,0.0016307834778380383
0.0161535313152265,0.0011717059080188295
0.022277255442481252,0.00021528463227053293
0.039559123069865094,6.745448922271175e-05
0.040714075998309535,0.00059093744479954
0.0439955152118165,0.0018856364969202025
0.040264194207976466,9.822766714384022e-05
0.020752373717151447,0.0004993772589480933
0.020993899251307804,0.002048729049193766
0.013508770563102289,0.0008625517493670485
0.022372285355322152,0.00022027732997724925
0.025604083457999804,0.00015514546510687365
0.029853557411595167,0.0002602765760613954
0.040046506250681145,0.00013498715872952232
0.02545236007838537,0.0003462016130153307
0.0136191065179318,0.0002804893728516386
0.011810476942540357,0.000608437511390559
0.03372591303084096,0.0004144440303364399
0.025969796009458233,0.00046520512862449864
0.01691294686432226,7.201368290819206e-05
0.002549769196736145,0.0007577842008447628
0.013517289372762259,0.0003593010997101642
0.018364987415246628,0.00019148422531918823
0.013333653854217373,3.079620151550822e-05
0.025925847265499458,0.0005403815739709248
0.029201215085364884,2.6209454683307995e-05
0.02421405333217085,0.00018989558932398193
0.023558812715772953,0.000997355881059723
0.02901554464292404,2.40299118177541e-06
0.023094605178375124,0.00013933268852875762
0.0314759727167002,3.4157362107063225e-05
0.02090169820134462,0.0007560783261517304
0.018912823725494243,0.00039017234208994864
0.028457390906849372,0.00030150212936575367
0.03833741708567779,0.0016227197783794476
0.04146872505877038,0.00017198746870496004
0.030624249816101668,0.00018306624142663697
0.043439817253531965,0.00011810531990250495
0.03800252636212626,0.0003022308534883017
0.03244878931699043,9.639030564145476e-05
0.035038414752951934,0.0002331574696191486
0.02132590885772227,0.0005047672078780851
0.03177774489502993,0.0001414965763492431
0.037211787959128266,0.0007917904689062793
0.03236178908263026,0.00042769803613092167
0.010465373170417583,0.0001567155707285954
0.029397522011463586,0.00012611597015932621
0.02615217767121314,0.00017648626635157513
0.018778745340849497,4.8891730863072126e-05
0.02283259291111121,0.0006017628526310474
0.017371322394898577,0.00025046292782384246
0.025250469243016226,0.0001771075601932119
0.03313306731115283,8.340685681980262e-05
0.03933874607803889,9.327547488013526e-05
0.033608160436497954,9.101379279865804e-05
0.03142520384575433,6.274551123059659e-05
0.025747895487099288,0.00010435692829869627
0.030465730135509354,0.00014791049309263992
0.03293900629342533,0.0002321937933796184
0.02608433983328601,9.867649367869772e-05
0.020046612381581057,5.216746834677865e-05
0.041261722986767356,0.00011452410676015287
0.028305113176938988,0.00019410532807521988
0.025382904290374847,0.0002796439839801545
0.02469306282667444,0.0001359565746818215
0.0195223569041968,0.0002688584978098683
0.03259585635659958,0.0008853412663261659
0.023719113272278065,0.0007172249496902317
0.014842447148991323,7.276623446215482e-05
0.03953598214072154,6.637217727814463e-05
0.03132382652153728,0.0013498192696185728
0.03525902628804109,0.00013193469662922024
0.02758726699938226,0.00015957414101423756
0.028530431070830947,1.553819678285411e-05
0.04268975276306831,0.0007912714998868507
0.02793869715874463,6.810662698151521e-05
0.05436543706300762,0.0006660657593465773
0.029072913499482073,0.0005359134484696754
0.03501718119026675,0.0009828819412856526
0.026187393544221078,7.644391207704974e-05
0.03181445754837493,0.0012456442929945654
0.04315263843469614,0.0005781710420856381
0.02901554464292404,2.40299118177541e-06
0.028079547496250943,0.00024047467175872378
0.02717190742972046,0.00017285505761221214
0.7131337520695694,0.30771919902416656
0.5042664575474163,0.0737188322247698
0.15568451493246135,0.011582036358239517
0.15342501918197468,0.032534851996520404
0.08960498452561862,0.0043910953288624046
0.07671477208026106,0.006693421491197696
0.0897599770355637,0.009004714688560286
0.11823922450290662,0.008829743254837966
0.043711907872094204,0.0006559109454732022
0.042803619144660576,0.003232296642092668
0.029007674623030884,0.0008372841748554046
0.02298552968454026,0.0007531141350610734
0.03177647122704955,0.0018780868789519398
0.01670726416907056,0.000776494907459294
0.018198058797941594,0.0010789996035922692
1.9571600153807704,0.9761111538121253
0.18624400745287653,0.03544770438205802
0.026824500828112465,0.0028087249005406445
0.05958771367970075,0.010633133606081245
0.003532601473859072,0.00029305153235601014
0.025980851823612493,0.0016359486868499362
0.027215304828643868,0.002176405239786372
0.01807453533000819,0.001766221835324792
0.00829866449817431,0.003275820801558625
0.04098787710249978,0.00014279056371807394
0.01824480912216264,0.0003619807854402455
0.028013566714648146,0.001080839744355095
0.02876467730615993,0.0007366214400144924
0.01683547289785919,0.0003332998870344556
0.020918867704116786,0.0012067062089860807
1.8106559534320763,7.145595273017413
0.781288906000125,1.3090784156210593
0.22291307818996162,0.21514720790488528
0.08831762621828504,0.030758593955072397
0.10573607982059981,0.014106591162773158
0.08394935279340804,0.006209990243894111
0.021706993077800735,0.00221068218323923
0.07505920241542412,0.0021841988445788717
0.05077697415652536,0.0002926412455197402
0.03248716009188683,0.0020936912943352814
0.018254861714762132,0.0009815000040334476
0.032086344250636736,0.003681495452518739
0.006850945929620944,0.00026475014602501745
0.02989829382638709,0.0006216580028218886
0.048140446448391265,0.007319339821383274
1.1813432419414975,1.549310917708248
0.7184530871786757,1.5116149066607394
0.19263308664142875,0.03776553160181691
0.11175408979186095,0.006985005411223939
0.03990994864135338,0.0053807261239934906
0.06611710764270781,0.007461077685491366
0.047706728319071655,0.0029729117991188197
0.05758566054890112,0.0021257700775435396
0.0575312201541083,0.0015934896033830798
0.04129693156517911,0.00142747456775902
0.03359092817416912,0.001121695542800123
0.023852942020754914,0.0005165788044067175
0.01350025337664318,0.0003280341018631777
0.043021739940163985,0.0013984853941971492
0.060830401759118725,0.003137761770332341
0.6941145193547088,0.3181769743255168
0.2272322352700218,0.046744431295550386
0.22198450867569053,0.08906159240269902
0.15280435093834208,0.007784653663927836
0.17707027314668053,0.04943082727440307
0.09979874648482766,0.0038552925453842145
0.08260865643612848,0.006869901802799542
0.0630121493681978,0.007919162013176655
0.071682758831295,0.0010627046347613852
0.018592477820320467,0.004996936266067148
0.02846036592620792,0.001446996411282248
0.03904060846599922,0.0004378819932734565
0.046075304488204565,0.0017694925945830131
0.04008656099261408,0.00042494514736878675
0.06306924723387969,0.000856395127597115
1.5221904496445677,3.671459475845985
1.2093741605006045,2.0429591699237917
0.6073016492943252,0.31980451782120617
0.33061329951031443,0.20170841655797855
0.2890758606141492,0.10597683852835539
0.19229344820751684,0.05114929830105949
0.16303975051506156,0.04441038311015952
0.10266049217475444,0.0094040446475742
0.08485779541601635,0.03645375721356553
0.07122691287783299,0.009709324101884229
0.0820071413468802,0.0023563145092990677
0.03867279495441357,0.0016141900497043612
0.05192477092307273,0.008896202080715539
0.03803575327961257,0.0016819700731681916
0.05576745340009039,0.009007849847229963
0.8867947101262056,1.3139726476074165
0.23249071028348142,0.11634043052730571
0.2556762408564581,0.1452535986816128
0.02469347585077945,0.00218239415649994
0.034741493399982386,0.002788520157567975
0.029481461311551733,0.0013146254456994158
0.015856142582719026,0.0012666576406995843
0.03427988209881419,0.00012571409370867417
0.048196433019006474,0.00047776989497087043
0.016160119506658428,0.0006593239879963017
0.010901819832957666,0.0001689771541496664
0.020026072979335008,5.3317495772215515e-05
0.020132330243729717,0.0019789460846059473
0.014398855304705726,0.00030674119106368687
0.023368337101270453,0.0001353740475899291
1.1918543410562394,2.551233530109029
0.2748442817901597,0.02662467073187487
0.2516243097867954,0.08027214005645136
0.10213257763234417,0.040128156190682794
0.10482643694043202,0.00979017860560258
0.0834538971648285,0.007176857754545528
0.04301108466706879,0.0011279623477172469
0.02686413547249611,0.0011867654615210534
0.011821069074459303,0.0006660038009744293
0.029854767986301416,8.377055788595516e-05
0.038462682592454084,0.0005514770225775779
0.015077718508183055,0.00022778787196602978
0.03184207439663659,0.000534316832627751
0.029634440632355732,6.8685100548024e-05
0.024097412551447896,0.00018775686355817792
0.11157211002170903,0.012993806357903833
0.1535618405991934,0.04546137545444744
0.14956846469411086,0.05424479230370621
0.0646484609529558,0.0035956986077081633
0.07378100213460216,0.015317285305544848
0.05475659660414257,0.008328092078896081
0.05395968038927474,0.0010492307834914353
0.018300749823966667,0.001833435333877696
0.04564433829018475,0.003128131062281721
0.019258185433484978,0.0018674399824622542
0.02770805851340456,0.00036112953841913525
0.10042094333480073,0.004010917111982308
0.026248777583045946,0.002306943921146829
0.029020142280251987,9.178291920007886e-05
0.032345027922282076,7.624985938732048e-05
0.6776463765838998,0.6854812641309014
0.28295851072709594,0.05190908289791857
0.18808998844554434,0.07631972143121898
0.016993408245945373,0.0021733700822516057
0.02675391217124251,0.004549752026806404
0.030710674388299376,0.00048616892051803624
0.023492422357113362,0.0019573712321668516
0.058636118229889955,0.00026555307416185024
0.03751934322975005,0.00012089679112373749
0.00918566181352401,0.0002538589917634285
0.027769853353687066,0.0015468782434547189
0.023814648828279383,0.0004257638615244702
0.029847063817914896,0.0029082447526720887
0.014661864772418702,0.0005502781220459277
0.01500323727240213,0.0009724994515201199
0.21410808567251235,0.09364469367698514
0.1915050460784611,0.036923894287936014
0.0883324503898482,0.001663960513136919
0.07048280110366091,0.0022050829389857383
0.08579156016456198,0.003181458704307146
0.05075564662069217,0.0010125520160462224
0.05827699459695987,0.0006856103506512956
0.039090164154157454,0.003808620875869133
0.03184528465754113,7.50062455772232e-05
0.012712984401983887,0.0008352925985813301
0.02961352310621987,6.845705541462836e-05
0.03607757195613872,0.0011865793080870011
0.02358593918662567,0.0005310133404773264
0.03133167492869507,0.00012377362025909914
0.03441971922530484,0.0001145083585602133
0.12440436301909731,0.013693008005679777
0.12880297031783436,0.13391528620329557
0.1469697480840962,0.0022685520068679217
0.10074603209802602,0.02939073853312719
0.07670002273478312,0.002382319480934116
0.03523899157944665,0.006742030974651856
0.07285583082500548,0.01667638073754422
0.025184914073096268,0.0013275467831829106
0.029820338564165605,0.005795326984060547
0.016774996463897667,0.0001418914416192972
0.01902666314461849,0.0010952114610518864
0.017861106965573213,0.0007634090962992146
0.02265517986990155,0.0001545924591963413
0.024756881682076626,0.0007793005316779059
0.03823686693842732,0.0001962844596190421
0.19694433478495474,0.015296743475871824
0.1570079717636336,0.02407816385734556
0.09356079026919566,0.002777095558578114
0.08619670886783383,0.021102224554671718
0.08285637362209282,0.025697620586308003
0.044564673675736105,0.00146953407746986
0.039522598455620235,0.005888601117656537
0.04211364111555413,0.0016968020833472896
0.044400453098705155,0.0014941352057650105
0.051571660496678766,0.0019191721330362288
0.03420630396728105,0.0015587036625786246
0.02313853910712185,0.0025918265080660968
0.027599201945904206,0.003318584739770463
0.02009226362086745,0.0010319387334608752
0.03177169763636203,0.00015193947741241876
0.02403763408712437,0.0004205817582985632
0.2264366782931376,0.17310414343025737
0.15719422783229622,0.06982746354418519
0.03123190008229938,0.00020225289884461873
0.03158754511374388,0.0005113200139833186
0.019744538576580907,0.0004261894291546885
0.008833003640197875,0.0003319289584632337
0.03871782620468619,0.0008090055112831945
0.047493449602253296,0.0004344938659227181
0.017821038247360796,4.0649252314154836e-05
0.01400557381991438,0.0026776705553302068
0.016378805565814503,0.000199888725461795
0.018996829940180964,0.0001088164389082773
0.01931471692830963,0.0002998315723011386
0.018608092055063932,1.8853250303743604e-05
0.40986517212454715,0.3672627920653511
0.29302181814585454,0.03499570303661055
0.07623122253128428,0.004202655144504888
0.037125256152703984,0.001188310923613873
0.045093473898978886,0.00030869382521009857
0.06180707270849715,0.004703978921960537
0.0610590289679839,0.00039163569848533667
0.0587436346135029,0.003690385536757165
0.05368716299473938,0.0002577358159047805
0.042053668904587144,0.00023544089617167664
0.05256800037916976,0.014256924450364382
0.04762671421791335,0.0011990151514419906
0.023888925558717605,0.00025510010602031315
0.032576898826675485,0.00018818051815750866
0.019132250347371486,2.5392220167484518e-05
3.2574168816568303,15.162824168387843
0.47474653037575204,0.1126841513038233
0.6274362353665951,0.2629048244309606
0.15861765689347335,0.004700654898696624
0.07266403303304611,0.009839179920168186
0.08597385664400407,0.00582397043390543
0.03943513310616199,0.00019314357477196183
0.03930431477048437,0.0024834561189632214
0.05856999944394888,0.0036121004436741396
0.06179064714043675,0.0009184088585879202
0.04594328836692232,0.0011005497784576232
0.04272835631603036,0.00014491084586673017
0.019612994574553608,2.8878924653605667e-05
0.019132250347371486,2.539222016748627e-05
0.021794972336182217,0.00012159061707779964
0.9799455511171469,1.229381369874114
0.4668368219299166,0.34575686337246053
0.32250082044908623,0.09763476327762488
0.1579511744722965,0.012613826777409626
0.016753507930238415,8.029546977706916e-05
0.032253707993337453,0.0025811075850599285
0.06893885031291982,0.002150987015377003
0.06682636713515039,0.0037419935022118024
0.02574274906870214,0.0006136428515484551
0.05836611722611321,0.0011035155158744747
0.04949543634374928,0.0018765425220116858
0.06380773291403948,0.0015741972374139612
0.05476815754401093,0.0005147063639539541
0.03363860004306809,4.406612774539889e-05
0.026109233665069287,0.0003488174610501734
0.111339595591117,0.04911735540634365
0.1281239414937215,0.05316920451884644
0.09490078754589687,0.03417723540526995
0.07949660347429645,0.04077744134569044
0.15089170971458815,0.04828495915294837
1.8400982846433624,0.5363468875657326
2.9406517308341797,6.369076915220535
0.22738144906590022,0.1448358558626683
0.24610410957905318,0.06477609758093937
0.11606175530264207,0.012038235783125082
0.08211922273698864,0.0036767772523820814
0.07084643102435043,0.010345489127833314
0.0778152432970499,0.0015618403699231068
0.07165947067283668,0.00658299504865354
0.07903431965068296,0.0012649539493154725
0.6623425149292846,0.058394092872064325
1.4620950523184515,0.9689096572061038
2.4631091892677732,2.0766973468745786
1.4604013586472473,0.46407531664637625
0.2434349725539949,0.038989212098943044
0.22854253574956762,0.018319739276645236
0.254691643789147,0.006195723358837488
0.2769971177988986,0.0006565818859539811
0.2716679828122187,0.0005820235287190345
0.27491464254436665,0.0003540488736113913
0.28826000596612283,0.00039631609388958634
0.2978589796795232,0.00025807266723272624
0.2956695789433743,0.00021469861191669086
0.2900837529867762,0.00011115773419372503
0.2901235127898713,0.00011272171656111889
0.3108784066647704,0.03410785466069391
1.04140585110451,0.2134092143536501
1.1194940841629868,0.938901745613756
0.31441090741953887,0.3975655563543181
0.21275496331874955,0.08430163836708822
0.1398578796496133,0.00160301491384079
0.07358740498105422,0.011453070039816627
0.046543040715000795,0.0004219932158183296
0.03858925091066912,0.0005122241168043093
0.032773408077416875,0.0005877763430184245
0.02845247163770925,0.0008870897069742923
0.02925113812614021,0.0011905185768961938
0.02668076671686483,0.0004060944218701487
0.027448891462421948,4.9030788078661496e-05
0.028272688664706825,0.00010460413333352315
0.1962288396252245,0.6689762270489275
1.022360337609823,0.9767154790888305
0.1864966711266088,0.06391166901629647
0.10836850216595739,0.009064084503437292
0.029125264561978125,0.001361319830228907
0.10073971105754054,0.014179714380022095
0.06215911401979757,0.0018439489795674027
0.04478370022024337,0.0011370657913560179
0.0644594740930814,0.005587234249820033
0.05242886042413649,0.0032641490104770737
0.0559946918638588,0.004185150706505987
0.05245808395545773,0.0011523240306693307
0.03462399945061545,0.0018575261801587124
0.03550667174993499,0.0018069448508916425
0.04760004948756318,0.0015229572457098207
0.6547959919105567,1.1044782232460477
1.4012962532887583,3.134441677179303
1.7101187681843342,0.32221827762736654
0.3194635388662705,0.03324985353319929
0.21490025639661278,0.03529451404851918
0.10906224116863254,0.0048704221132057956
0.07740646690182772,0.0012452398174743506
0.06959425403389986,0.01895312739434046
0.0631866038133088,0.006205154591016143
0.036000263932957015,0.001438163017498529
0.058104033338720856,0.007398422049920987
0.06251797006195785,0.00401752415082796
0.039905460534780425,0.0024926029633281044
0.03677414020769146,0.005291466991694215
0.04317317974508208,0.00430147234100237
0.033995325149997375,0.000600365413018873
0.03149176631301467,0.0005907360392955668
0.037946052930378275,0.00014213123926686827
0.01778689267319078,0.0007294179864250129
0.03127677534405784,0.000753191273109286
0.030453407979559397,5.044148128637784e-05
0.027717103124681366,0.0001632024918398326
0.05023271375597208,0.0003017501068999789
0.044301878415183786,0.0001801716445000252
0.03276648911591195,5.798488742837446e-05
0.03870816885775729,0.0011511202088423246
0.046707709945200106,0.0008707598164850108
0.04612680506972492,0.0001981896228747514
0.05215569066470053,0.00025405478798685445
0.03983755384245861,0.0002859445943810429
0.6344436763544469,0.9911251539391787
1.0396924231073752,0.4174021708050381
0.12781322416888988,0.003030677328781235
0.04826790894538253,0.004147502644650752
0.10260739799806297,0.010483389910096279
0.07921358854155418,0.005811399470089935
0.04443473650201891,0.0003122407388406482
0.06321145309458602,0.0006928344027044118
0.06578217586668085,0.0032611650894215365
0.06048529646070824,0.00018098535227536086
0.03922143433930037,0.00023781971460602814
0.037332081406561225,0.0006656298529026791
0.026496464477198296,0.00035792640035088786
0.028248345498704298,9.300641758839324e-05
0.02958547524303044,0.0002586240610174658
0.07498385249171084,0.004145276845396432
0.012144504612215098,0.00018233943493393772
0.048867053449122316,0.0003459790257370949
0.030944092060517615,0.0002717274486698352
0.034041238938689246,0.0006728076828162139
0.032933231276059564,3.628665916149461e-05
0.02033303766226283,0.000160116235452484
0.03536056481290289,5.223990053901076e-05
0.028720470858182762,2.0118350503826442e-05
0.03809207392802106,0.00036559536860551815
0.032956843676992316,3.735799516472414e-05
0.02713786484273283,0.0004967131131248625
0.04619343516099338,0.0011673284703038712
0.03372847865909518,0.00047159361964132395
0.02379949441307455,0.0002366809223777795
0.7093574825378282,0.2732306562040862
0.9102734447623674,0.17028523325107958
0.15677371972862827,0.004276394431990905
0.11551323634699646,0.10553409416102338
0.04688864508543227,0.001225020218667408
0.02417674693957908,0.0008432823751537262
0.04356543553151687,0.001054774112682598
0.06616207828578032,0.0011464009990376522
0.0619235358890109,0.001453016103599245
0.07231781914426554,0.001241744909105252
0.07648698032328004,0.0006250089746265735
0.06820262852583124,0.0002295182176813903
0.05764274509557177,0.00010165536032824568
0.051652717419989926,0.0003511421141042688
0.0468569003530756,0.003729307745713497
0.08591480843502473,0.011261342191487222
0.10715973068921046,0.017281850566206496
0.5886745697209058,0.08837859159465412
2.0046620478619195,0.13751389356373026
2.1963510379396474,0.23033401972763723
0.697011580934943,0.5831240538904913
0.17924692971971912,0.039697498097802
0.24110064387680272,0.0008530791161209831
0.2001579730164987,0.028546240722518528
0.2354875669001494,0.0006010379876372789
0.26779114216233063,0.009037998291332816
0.24019295766907353,0.002753664388083967
0.23424845614777348,0.0020093254480773753
0.22408667942578578,0.0020222740454664085
0.22730569758505167,0.0025409923758300678
0.38197881709192866,0.07757061502224685
2.0548573600337257,0.09489977855415226
2.481140857964665,0.3542945893470564
0.9346388767041929,0.9228291738801108
0.415564710115941,0.21198587593743293
0.26946906779486296,0.07620393068054203
0.31919379861325736,0.0052060907220082666
0.3357189741831081,0.034388255217672276
0.3174857997275364,0.00830546222495869
0.31823412021968456,0.0006956251691881385
0.32449982499864766,0.0006922617499201584
0.3569122790667118,0.004722969643504966
0.34819878924748854,0.00015357670717208686
0.35494585615385615,0.005365204978962753
0.3458140522609283,0.0001037362285532513
1.0298571768595866,0.9630002953135491
1.3719286091474994,0.26559604075618803
1.87726457013468,0.3121668246380761
2.482927076793047,0.3253828101385214
2.7480801114094553,0.6490735637036186
1.0523132689703465,0.1403458692379377
0.9142977955703464,0.07311507875030131
0.946135204900878,0.05472341879472135
0.8745797241183801,0.0029185030757545986
0.8951770549063537,0.0025335600769820095
0.9455222591273147,0.004022650020088032
0.9151630901940345,0.00028638052895957306
0.9006360167169257,0.00034173734571266894
0.8964735861297881,0.00015702788191063438
0.8890040905620379,0.0005154940458833782
0.13870169701294047,0.023218610696676648
1.1399535709157753,0.017757120405624716
1.7595383398964628,0.4865661162202269
2.4914509730802776,0.04999245781036787
3.330163663643141,0.4191192723089637
4.071603975464742,0.38798650766777865
2.317231983781571,0.09993861816219503
1.0282026930946782,0.03608950436869766
1.0923696916510794,0.013424966374236536
0.9950398961571761,0.002163158514853421
1.00186118516963,0.002135260573987517
0.9937707972408876,6.227935107619213e-05
0.9632227450853735,0.0015096452357312182
0.9816021217894079,0.00017401281961663083
0.9964908569462833,0.0008679684663497792
1.1399535709157753,0.01775712040562476
1.7595383398964628,0.4865661162202278
3.330163663643141,0.4191192723089637
2.4914509730802776,0.04999245781036787
4.071603975464742,0.3879865076677785
2.317231983781571,0.09993861816219489
1.0282026930946782,0.036089504368697733
1.0923696916510794,0.013424966374236553
0.9950398961571761,0.0021631585148534204
1.00186118516963,0.002135260573987525
0.9937707972408876,6.227935107618756e-05
0.9632227450853735,0.0015096452357312787
0.9816021217894079,0.000174012819616638
0.9964908569462833,0.0008679684663497792
0.9937707972408876,6.227935107618756e-05
0.4192331469168831,0.62365058413906
0.7665276231139847,0.20707957525208578
0.1901161281836458,0.08087498672722244
0.21105588762671768,0.04477072888051531
0.13384156502407,0.07883550320749103
0.09349920665313492,0.009306693081841014
0.05990758784808733,0.00480241324978797
0.05382130889870304,0.0010008741811526345
0.05382130889870304,0.0010008741811526323
0.03951127581176935,0.0014257310384100186
0.025999847131853413,0.00015067524955815202
0.023368337101270453,0.0001353740475899291
0.02279041584666307,0.00020967845093968482
0.01831731736383711,2.2926539293815524e-05
0.018075123968896125,0.0009738944016487362
0.10734021736453735,0.02826538343519036
0.10194652449121056,0.013156772979299465
1.1271122071749555,3.069255035761399
2.121971808596947,6.093895210322141
1.5387626808293344,1.6606816259707893
0.18203380612202447,0.08422589702536493
0.10146089173389639,0.02566875226124572
0.051221669025526495,0.0022569398435962657
0.05751206943022851,0.007179981547895723
0.05094531034685206,0.002528443513011969
0.03234417762190673,6.611372496307088e-05
0.017863834962691887,0.0030720570059149742
0.03935200340578645,0.001273683111386334
0.037746610576029745,0.0004021148458313317
0.024517346243420595,0.0008149462372112845
0.37130912616383943,0.06724518906564116
1.3051982088111236,5.367936013837677
1.896780689857149,0.345232258629828
1.943906594209686,0.45060236141794335
0.5936874783821113,0.10451080183633293
0.47129657247847906,0.0837353859038225
0.3699951440332958,0.008676222712231582
0.32591203825989773,0.0012402818141537344
0.35497507675149603,0.00036647815739281254
0.37385980064783403,0.0021978039484922157
0.3607778871945493,0.0006496861311795965
0.3271244279719064,0.0013211414232178562
0.335240955481873,0.000855951301087229
0.339423511132561,0.0005288166280026267
0.33933079071749034,0.0002729790241328624
0.371363529235433,0.005530542115922562
0.3509111921601947,0.0030666851979694112
0.35639855846349633,0.002859568712292772
0.3850720869114555,0.0117603747657967
0.4265083867343744,0.004000921272611219
0.44934841787606145,0.003855497277304928
0.4609384184672069,0.004746571306608827
0.4673725350419489,0.006575969272764763
0.5106320352580752,0.06514893918847302
0.515502031152954,0.1364124295855016
0.5450101712008825,0.0307079433742621
0.5593176854631271,0.07912916206311264
0.6055261878060773,0.11119135803854792
0.6279583230791775,0.18332594569383906
0.7009221459021416,0.22142015434869147
0.9009459340318223,0.9952515607485249
1.009186054186379,1.8937550121090745
1.0744605284563147,2.175163573665764
1.1645477388658103,1.0993651750169617
1.252972746534462,0.3411657429861894
1.345982948352496,0.1043234267981531
1.423642921698381,0.0634320669619821
1.5211983725937293,0.027534328788518556
1.5846514192566108,0.035462463719421015
1.6734015883089244,0.27295674937717557
1.6061461952698277,0.5620354017975269
1.6033737074126801,0.17152304725559586
1.6184524438420018,0.15373245803250093
1.2172321730587043,0.8961624452886378
0.8864979800649678,1.1286389164999204
0.1005617735076938,0.0432756123995896
0.09011207413131907,0.0281058789594079
0.12127013814937108,0.0017339096989577602
0.0948092077731113,0.033634206771611254
0.12104532430068794,0.008301821093819039
0.12714423326800994,0.00035496173016592506
0.11640844881351957,0.0010895422462943833
0.12277262746782687,0.00017917995506776266
0.10519224184706137,0.00023831067323570586
0.1280038836173949,0.006989514249847198
0.11906776272936666,0.004775239800417411
0.14068661871522184,0.0013012737369493773
0.11536393006512778,0.0007717678552069014
0.13262660326808026,0.0037294580752141454
0.14085875480965457,0.0017385140799067611
0.10519224184706137,0.0002383106732357058
0.1280038836173949,0.006989514249847138
0.11906776272936666,0.004775239800417411
0.14068661871522184,0.0013012737369493773
0.11536393006512778,0.0007717678552069079
0.13262660326808026,0.0037294580752141484
0.1474172213248942,0.07028111148262917
0.1272922402047765,0.0018513976270745915
0.15086521105981934,0.002386166770337577
0.16045685123781175,0.006965326477935872
0.16478932496285673,0.000372026724204345
0.14829083663205553,0.0020629396831565294
0.17206223078689,0.00024218786453846514
0.1708544842498221,0.0002896291804199344
0.17309369247979742,0.00029641759257473943
0.17206223078689,0.00024218786453846612
0.1708544842498221,0.00028962918041993394
0.17309369247979742,0.00029641759257473916
0.1633439969777383,0.001319487385377222
0.18903403855657083,0.001867737926680731
0.16571240726380032,0.0012672834866138138
0.1818796896419178,0.0005276928664121817
0.18203733659480406,0.0012506757408611432
0.16571383476551674,0.0010606834910411
0.1499021766337944,0.0016463646339900156
0.16621452608374748,0.000878093505736199
0.176617536561098,0.001534291280261769
0.1596020217108567,0.0032570758159782658
0.16436703969877017,0.015932005719527634
0.17832003584142794,0.045845758331273405
0.3155265432159939,0.07124434145796497
0.34416296887597464,0.12486435920270528
0.40085021498459406,0.21716826789678634
0.46218342930456985,0.11289463327364109
0.5231380705068739,0.10066797048511633
0.580724715070479,0.0942188000959883
0.6629211940925503,0.09076628692443185
0.7409615343533725,0.12423410579591009
0.8143582738806515,0.09669939693457537
0.9524938028784545,0.004231679050415829
1.1054162326201762,0.0007357799095558884
1.2503138551538775,0.05727171815462322
1.2729044428884204,0.06053158894117222
0.4309482270586531,0.7962596146650042
0.3659734222409103,0.21832613920499525
0.0337834522424556,0.00014316920380624083
0.020083417218339592,0.00022625544892507582
0.023035350433192724,0.002005771749063372
0.036911190817796743,0.005801619498254661
0.05985799707720298,0.0059430681472956125
0.05607885895668541,0.006180063080426213
0.07983340396450829,0.032217591504218795
0.12899346467411874,0.02698629051640274
0.1456021059848739,0.1593959702732852
0.21845209073861602,0.09400800702778384
0.24768146993005424,0.06808241585261836
0.3054391947082029,0.03718974056158367
0.37575142903197584,0.04939595971762261
0.44264937521013237,0.15777378250241825
0.5177294296290745,0.21026093171187635
0.5311471031262364,0.015901256838392407
0.5766546413524317,0.007871655576806849
0.6424800236872688,0.0036546666943850295
0.7038966888812469,0.003334874226970034
0.7394014223867242,0.006448219006037229
0.7157136410702655,0.007481166406903943
0.7080009429802959,0.010598580199569116
0.6520823147022751,0.037876031660945324
0.6282044075138992,0.09136138093785212
0.6275282532817827,0.05879772614653889
0.6701078666132535,0.009369279932301433
0.7145620192601093,0.026949150790390633
0.7717500555638858,0.03436977488362112
0.8289571416536451,0.011774480822173394
0.8981960058269541,0.00969772130374035
0.9550142519148811,0.02212300646656622
0.9954643457735854,0.02409605518518727
0.9856409916581756,0.010851217834922953
1.0048559012936327,0.014259993302069588
1.0230904097243527,0.21530261455251312
1.1271223936537216,0.09287572274731788
1.2087292975904063,0.011651072295543333
1.2449417870790864,0.025379631273957547
1.307199156469853,0.02810855383732404
1.4411755647874862,0.3581763955836408
1.8014521621521273,0.3178869969135256
2.126024150413739,0.6366070344794565
2.4391178685380135,1.4462837821677452
2.8195295435790406,0.24941086083510755
3.180171890225637,0.18111272922114727
3.054007103921734,0.0293278594373737
3.0149972360570914,0.04549470415491641
3.049485873918463,0.006382655741540531
3.0925102387520504,0.008759228537646574
3.0542751478044328,0.002440688323435388
3.0925793586951014,0.0058902934923328225
3.0998627396567273,0.011441938344145653
3.118274748735826,0.002238496320399503
3.102234252441685,0.0026651992314496806
3.0894986454710156,0.0013094191867989806
3.0384666014831083,0.008309223511789624
3.2057793375375803,0.053899675438738276
2.9577286381212438,0.025609500381670678
3.0031608815413637,0.002295226534264226
3.0874019461805293,0.009155737192400063
0.02585694651874376,0.0005757360112358508
0.03311577301470086,0.0006937443792044861
0.03972782290903154,0.0014103491798187233
0.034021233611914815,0.0009448582219878987
0.04618512877157354,0.0014107765557088761
0.05398316797761397,0.0008691545598999073
0.0542376939758599,0.002691901319869986
0.08880719321701248,0.007186162910939222
0.08081517809642537,0.0022131049182311452
0.08882015760577709,0.0019115719163800007
0.11582098006338747,0.002010294590137273
0.14485764287701697,0.004180244568707455
0.14457310178489935,0.04612953328244928
0.17160344612570258,0.03151493622073529
0.21157036043218372,0.0367204679206099
0.26278389194697577,0.03245159271663867
0.3208169094291273,0.03984428077823639
0.34612446871927344,0.03860070689499979
0.3399715878455469,0.028196678529668836
0.3193612897715499,0.04282294380201634
0.29774390919525034,0.23479602697283167
0.2775472682505826,0.1151597758317102
0.32379056784051696,0.03472119343681236
0.40018414695810994,0.002878136646816881
0.4977450789555011,0.022435006040349623
0.6135847832887759,0.026161477817397194
0.755836887462363,0.024697447297383632
1.018682136917619,0.31367894912829625
1.2715993573721582,1.0659999539616716
1.708441203320558,0.4670009024292339
0.6135847832887759,0.026161477817397194
0.4977450789555011,0.022435006040349606
0.755836887462363,0.024697447297383632
1.2715993573721582,1.0659999539616716
1.018682136917619,0.31367894912829625
1.708441203320558,0.4670009024292336
2.232364692986046,0.48205088634641635
2.807182998621973,2.536383856061009
3.455802726523794,3.123678299817964
3.583512774455702,3.0665166586538515
0.816484324023031,0.2020686160106766
0.6468682615327773,0.0934769042066665
0.6744565436196828,0.036539494122078194
0.6852698038919517,0.06894663839926267
0.6574835279186372,0.023079117041949645
0.023852008693253882,0.000236124690557879
0.01563520292676873,0.0003849567329088813
0.11578470307062483,0.0034624427385244946
0.9819107012683733,0.21084843814006415
1.3481788502516994,0.4134326048231996
0.3226431355026932,0.08397689346628721
0.06460414193764351,0.010507242788759719
0.0820381320876097,0.009225469817991199
0.02828490115320258,0.0005947296773442964
0.027958760432639836,0.0018142397610249475
0.02666506482528742,0.003506150683803331
0.017398190643051033,0.00062105930532276
0.0235369774818449,6.400228881823333e-05
0.0416527532643791,5.338151369610672e-05
0.03585089310807354,4.611576374438046e-05
0.030897454046461773,0.0036105531048790866
0.04142725571025649,0.0042006219951179315
0.034437650981943624,0.0007285137940461012
0.03057214840162384,0.0019132543972722427
0.03288436490961907,0.010027403490574972
0.04321151581972413,0.006774991213944537
0.06553158488779585,0.027228090890449547
0.09846464813212037,0.04138574334016017
0.1429981516505743,0.1077117603619006
0.20221869029601788,0.23232340865696943
0.3576048564294285,0.2964425297160055
0.556676170716501,0.45006521365235885
0.8373353126358462,0.8456660719567796
1.078669566731581,0.448249078590578
1.1343491425085979,0.5962879370865871
0.03301187187836103,0.0004491041989431053
0.017010614783587622,1.5788661154191106e-05
0.03523709882380096,0.00016623184655434198
0.025694290629120885,0.0003460627068758186
0.02395285783155642,0.00020972885063417208
0.0378752330237144,0.00015109605730807376
0.029570912604663057,0.000823275405327238
0.039952785580442816,4.0630516409293835e-05
0.039314735691056896,0.0037900728912812517
0.05580923617983035,0.001323227338129878
0.04014867960725182,0.0002917949923232735
0.04173742731216595,0.00035288540920603846
0.032479948008479635,0.0013782238138743859
0.03876174278664357,0.00017356292194382425
0.03927620963846675,0.0029272048847827172
0.12283985930698471,0.006860545797499218
0.10688684461111485,0.003727726326318403
0.11615194707033387,0.0024264269174428896
0.13649064230023641,0.012089413357716884
0.1406648730483371,0.013033566553114178
0.15052530478039275,0.03357617188501577
0.16353281762471408,0.012569173024225569
0.16514336460471643,0.02103720656032454
0.1788975089985686,0.005281124230614419
0.18524903280399516,0.0015216699598307943
0.20065992843967564,0.0032640941250781648
0.19688405141161155,0.0015251839479184497
0.22709463271610397,0.0029790542092102113
0.2344242377996468,0.002260908308940135
0.25624384716018395,0.0027011992930447465
0.26179663449650864,0.0020418792637418495
0.2952919210967435,0.0071549881617332485
0.3254026244297376,0.014591799336360506
0.34942176614543746,0.0029250858140381295
0.3625188649451829,0.002405427721007246
0.3531720886071767,0.0021183574776525234
0.4139036825462253,0.012106528965947258
0.3960849894515359,0.013782106664721669
0.4306969813530975,0.09477142961369216
0.45082206332874114,0.005635098214895686
0.5392339475160276,0.009673112346902359
0.60344040779085,0.00849863325869177
0.6574429333105599,0.029568000130383434
0.712419624900559,0.04813342002910544
0.8045726363366658,0.17056280057072706
1.2611536451507257,0.7822091898513314
1.4956420569567488,0.5860451748535321
1.634871320204226,0.5897449203916577
1.8755529661260428,0.4100660987737654
1.9626659578125822,0.3567776034184525
2.150318517597091,0.48193812305550954
2.2359518962318803,0.40149582958433183
2.241188457604828,0.4273572878229788
2.439754022365034,1.7141790137191675
2.5927415031036953,1.8828304928200719
2.83376776302212,1.7914840674518253
3.0110516516404413,1.3024449325220324
3.2326729408733663,0.3476078278620882
3.5069528478829084,0.9411676283185811
3.8353365277038862,1.3394959196109637
0.03831369840450038,0.0005204820665872123
0.060441017799948905,0.0012710473060251642
0.050241136380612984,0.004376727463158145
0.04758850870390952,0.00090465433546878
0.0509846546269514,0.0013709530997938514
0.050706310895394825,0.0047340506486289475
0.053810085115080696,0.014397665712684695
0.07359553291840994,0.0037311270822353378
0.09430217331074864,0.029454094475840704
0.08744920009969621,0.00043506751603820644
0.09655992181369188,0.0019127382975597511
0.08473251711220593,0.0014862528605470101
0.09009421847168082,0.005056211266321074
0.08834614694289689,0.014730587610028621
0.10409855902234695,0.0008758976907597753
0.09617675448480034,0.0006473794316268999
0.09844866156298597,0.0015955596925662863
0.08275322405460048,0.0022614501916396134
0.08780514783430327,0.0018841750688852743
0.11221136590222831,0.02389530211637367
0.11605448456089712,0.002205783677368457
0.13608529024617802,0.0077607856506550395
0.22561276386415705,0.034962869591809505
0.327572482894851,0.07091683777658565
0.4090903428770962,0.02217122695826208
0.5135865533355316,0.02931634117284258
0.6257783553592123,0.31584789456680507
0.7127927306106511,0.7860148970170981
0.8567026010745594,1.1478766026304617
1.0199793882953532,0.8303411892273381
1.2259295865636786,0.026751462313295837
1.474868052925623,1.1943802081655168
1.4299580086345582,0.4870022913067995
1.3601201044341316,0.3588710730570845
1.2980149607226483,0.10482655679765356
1.2740585986733848,0.02420456655774339
1.2590187441984748,0.002198045961964445
1.237552360773332,0.0037365612979113286
1.2210372776517735,0.0006897189538492421
1.1991602652141136,0.0243789989356611
1.1994288846647143,0.017447572104151574
1.1961867879009251,0.018807175980320046
1.177280137423446,5.351111153242581e-05
1.1753651467727202,9.748363504717289e-05
1.1663380005868322,0.0012529890851377618
0.07978908118470457,0.002737750135570075
0.10364218652738548,0.0024374349504467825
0.10323567349936813,0.0014902351360527473
0.12205952450987896,0.001082469753416182
0.12185336486842291,0.005590891330431899
0.11919539439518582,0.006901305121178508
0.1122497534422563,0.0007543524473318609
0.10864125245448737,0.0003426898343539297
0.12120891888766337,0.005007485404143279
0.10715547055911893,0.00013683702171089415
0.09859033378794342,0.0008588794336424696
0.08783138862443447,0.0008153531688592456
0.09958252254229231,0.000539117332267528
0.10331104351054128,0.0010961364941975992
0.10879304778303718,0.008349768250633825
0.17594097950330975,0.007984947775447166
0.28594972708095967,0.08334598628506897
0.3809928273441843,0.39443051501509413
0.5286738913584684,0.1783288826758325
0.5067460428564642,0.09659759144694152
0.4669050346656416,0.0012325005803861403
0.41842137866557855,0.0020421097525293633
0.4308830306961311,0.00036710622658527595
0.44022570500012104,0.0015333343090497623
0.42975158876405084,0.00032585077230295437
0.42465780736562003,0.0006356944965028036
0.41586555314268864,0.0001719932353801266
0.41885093261370443,0.00026583309892393793
0.4145627554162192,0.0002309341519599624
0.41060112076821015,0.0010488523835682888
0.04951381883414138,0.00261672014193587
0.055702479068189224,0.0011270271465897604
0.06874524129155431,0.0008992815602345159
0.045779189787969514,0.001886226903588211
0.03926040645521761,0.0007482662044389145
0.053227935813259214,0.00018599896062813774
0.05015990871525253,0.002603910727130328
0.06572427826056486,0.0029286966178581134
0.05216800667119734,0.002427509912358221
0.07357429764656469,0.00014046992458116616
0.05549076968091885,0.0009035307644621685
0.0654401716209788,0.0006172961586798883
0.0821342014199655,0.00039263272721891065
0.0681985792336894,0.008931663632043447
0.08838032093089314,0.0045289534834347354
0.15733403014755873,0.18990641156550114
0.235515628616328,0.16029071480294274
0.28926658962038193,0.23109258058450408
0.3782328156451015,0.3534399333171363
0.4878723892623486,0.5015687382954097
0.5574474308731817,0.26072185849683177
0.6189473194143692,0.1763383832311173
0.639982078258495,0.06619620562665772
0.7646034165066607,0.0740524534796611
0.8777024188974263,0.13823127256879333
1.009025178152674,0.061521797900165404
1.1939605324264702,0.12137033516049285
1.3642314821227624,0.10178019101382667
1.4490790718959676,0.04294129368386043
1.3304007799044413,0.003490743548260421
1.2976927499037072,0.0015854249190657597
1.2492569416106418,0.00029559208673224873
1.215421084923708,0.001181245877564215
1.192550716939771,0.00011041190777526396
1.175766986523463,0.0001427661305646705
1.161578041137283,4.566230209133416e-05
1.1554608542519238,0.00014684547955278357
1.136384835218444,1.7802426356556404e-05
1.1316608200506268,8.950008562113822e-05
1.114706436523317,0.0002788920861306636
1.1101081698750161,0.00010850585828197023
1.0951496733430444,0.0005203467992288801
1.0980128548655126,1.9631576432747498e-05
1.0965706224529093,3.3531851617199226e-05
1.093316845130384,0.00012496833176483206
0.038070146565233554,0.005429039077013265
0.03702968366148789,0.006537454768434636
0.04325074177760804,0.004225271097397946
0.06513453408802007,0.010327200215740477
0.04160833016084849,0.003380314950244092
0.054165466656840355,0.001559045091357689
0.07961142880528131,0.0018369109051943825
0.057106284916099426,0.0022460043730603784
0.061066290816840764,0.000570093097058111
0.06526827759226705,0.0006226537086148021
0.04070515245038601,0.00552589327826817
0.06530302530030636,0.0037985630062055457
0.07566361599298561,0.0008946371713513066
0.08656846867014319,0.0006567083495601268
0.07394916638033958,0.000896792651367161
0.06657286277844286,0.0001567951546502738
0.07481223751298106,0.0014074261935514726
0.09185508600742719,0.002441448088167416
0.12786068530709058,0.007320601698995305
0.1513920419696539,0.004699284412964164
0.19755167373735602,0.16238048157946175
0.24578199141650522,0.10091648465270232
0.35479257424333044,0.07060099899135815
0.48560247327114264,0.24196992696160394
0.7229565693879906,0.08788492869657812
0.6412324111466899,0.009156656063515655
0.6210492657471545,0.0009255104619629043
0.6195275792600691,0.00010086295280259817
0.6134910513518003,0.0023288097329136094
0.6117783016207391,0.003923086249704977
0.028973433028885703,0.0025631922207601156
0.025726213267267543,0.006106600134032424
0.029000192332870937,0.0014585016992802152
0.017270344079077498,0.004577442301035256
0.049123197844094274,0.006478651824176861
0.04936800099806354,0.005743336392090404
0.06971165977418012,0.003940252926630261
0.06814029663083811,0.0031082780781706907
0.10369108532405959,0.004819659734156574
0.10681058776344883,0.0017898330044957746
0.11148026132550803,0.0039406201024882485
0.1381723226990513,0.04367169866985926
0.17018866828690893,0.04895432119510484
0.20616917903486345,0.03586662526985678
0.20777114186446896,0.03695668668653583
0.31172251414056745,0.00039280238489404154
0.3097570151815138,0.00020200677799467312
0.3259483596124918,0.009037232247204431
0.3153692414315819,0.0007713421229791679
0.3139620311361501,0.00019962952107517357
0.313592164248343,0.0018950258441122782
0.334528487085777,0.14175180530735687
0.34723563414296404,0.054611758409343104
0.34970058013718025,0.14534351190533204
0.3996840392771713,0.08875584605863784
0.44986860947193436,0.12588749748994457
0.5110018206538913,0.4706876687326378
0.5415872914238435,0.5891773795703618
0.5524359338940861,0.17674576798090583
0.5723020206231957,0.1326035892885711
0.5774819382303681,0.3052200299732105
0.5981036060873723,0.8225303135607286
0.6566545493082274,0.561832444955391
0.7404330059466573,0.842580768267391
0.8620226804018375,1.0023927358987377
1.088770138620113,0.8015109202638137
1.4198768365753647,0.3098211574198915
1.810384479493628,0.020132922823193625
1.9153535722215214,0.01563190399820843
1.888881336405425,0.002230951428994182
1.8547091700457787,0.0012895704026721206
1.8234883656566023,0.009542822891424186
1.7696503378977402,0.0011629658737319622
1.7527785100365456,0.0031282254134471547
1.7638670092289164,0.007477781683048821
0.07692966179506609,0.014840308435807676
0.09403439463392604,0.04271647712823823
0.11256285984299164,0.00015935932092128827
0.10735348521318268,0.00012608559964760266
0.119862734739058,0.00019842413880490311
0.12114122491491902,0.0004022135994801505
0.11552838925346574,0.00039403138516039363
0.11767724839193494,0.0003867786898536205
0.14927044927169708,0.0006189133644947938
0.1738161684751843,0.001913909915520748
0.17025585612637673,0.00483931935173106
0.19218928382270786,0.0019303450788755786
0.20475820101463868,0.0010505863544207985
0.24401079878692897,0.003989398788091166
0.23494087265289346,0.006674155062359588
0.25188013168026174,0.0046999742446321045
0.2905829313393643,0.027380867986087312
0.307024476205935,0.020337090948397318
0.3237651899338793,0.02973861167317185
0.3657250511746191,0.026299218708113883
0.39984270923577786,0.034515719777378016
0.42683277688689064,0.07742951065796676
0.4684981213875017,0.16503007072997866
0.49823075113465176,0.08272549057704491
0.5665892297938513,0.18201435309917247
0.5947225827444242,0.30436388377166934
0.6739375254696903,0.26262823241254607
0.736825248505463,0.1685426776496247
0.8468684647799906,0.06827085708611454
1.09138879477623,0.027978973128569024
1.3821631294486572,0.03023061970474471
1.6421519577962629,0.07941499393975911
1.9338923327854767,0.14218714455270146
2.227459142034456,0.06489687153703887
2.56872156809777,0.08939479642303018
2.891809246034518,0.0786319376132361
3.0379638285591892,0.0339138481704835
3.0667475959212194,0.0055262972479074015
3.0702162411341134,0.0011932414264149611
3.109251837401203,0.0032999274135332396
3.0622663697650516,0.012957808747660634
3.0992756226546345,0.014421424811701661
3.1463177585729944,0.0029997283103676566
3.148134428428189,0.003347710519732342
3.148134428428189,0.00334771051973233
0.09442837471253575,0.009211388765867789
0.09474801189754638,0.0017911052700044043
0.12752243398908952,0.001589104333537656
0.11519046659942311,0.0002707417546115762
0.11120228035920854,0.00010142431208985438
0.1166602446172484,7.813731134014977e-05
0.1196979184747684,0.0004896995625352734
0.12439024609780287,0.00020844613891799372
0.15131295211242174,0.0006857260744847116
0.13491299553563293,0.00024828164249350435
0.13357725646589236,0.00019288099257665431
0.1500122803376743,0.0005416829968222319
0.1366540174676755,0.0005064849119966726
0.14992541128128256,0.0008188424983581855
0.15185883325023283,0.0008030707926273355
