pca_q_residual,pca_hotelling_t2,kpca_recon,ae_recon
0.0030170325577705743,0.5161402943713043,0.0025879309091898102,0.004011790567943854
0.001994235891889965,0.5093456996355068,0.002745531346778378,0.0048234768656932785
0.001994235891889965,0.5093456996355068,0.002745531346778378,0.0048234768656932785
0.0025234591912674394,0.5110589604380191,0.002826403978339534,0.004457577529436269
0.0024480666214266424,0.6649189527756609,0.0025348088953326617,0.005240064104742849
0.0030170325577705743,0.5161402943713043,0.0025879309091898102,0.004011790567943854
0.0025234591912674394,0.5110589604380191,0.002826403978339534,0.004457577529436269
0.001994235891889965,0.5093456996355068,0.002745531346778378,0.0048234768656932785
0.001994235891889965,0.5093456996355068,0.002745531346778378,0.0048234768656932785
0.001994235891889965,0.5093456996355068,0.002745531346778378,0.0048234768656932785
0.003252858426754573,0.5021120906131759,0.003248862850037845,0.004675091192287417
0.0018081585828121402,0.6366065927366144,0.0013815616935435985,0.0032051233319376235
0.0014589339269386228,0.5030274694494926,0.002358578222583237,0.005144415548559028
0.0031291510817353235,0.688960545261887,0.002967990627378068,0.005922503383844809
0.001994235891889965,0.5093456996355068,0.002745531346778378,0.0048234768656932785
0.0006185416736325415,0.2450852057724925,0.0012755448478511302,0.012067595411069323
0.002619258108919747,4.043752926372256,0.151399466839069,0.12269583249771539
7.53434616743139e-05,0.9925583791607967,0.002117456907004331,0.006044560587332145
0.010307834759367475,2.0763067941952644,0.017246125868200565,0.06388560084678714
6.796284460137786e-05,0.4717568395511087,0.0020848820203802306,0.016499883214513553
8.530974466829397e-06,0.35822286021254107,0.0009553676288682622,0.014661114729265802
0.0031331561836521506,0.260471904380486,0.004361845712717895,0.008502471653197646
0.0014747273886206176,1.403330173847229,0.0014870942183606562,0.018406676756209567
0.0033230029667276374,0.3538679161951489,0.0077637579770846385,0.009901989975676982
0.00805216062304367,0.6444352580884628,0.0026382921719920916,0.005098736175082274
0.0012372333974765947,1.0467781146554096,0.0014053572857856418,0.006841338989115328
0.0007816157808205724,2.536629165331632,0.01824729376683024,0.007234905758402704
0.001020242256359659,0.3846303731520173,0.0011493325312084562,0.008427636529379357
0.001999676143908621,0.44550451019583526,0.006421288082596742,0.010360793999718359
0.0011815066039189731,1.6479190906790662,0.001011065667802464,0.009341890297235452
0.009236525604374254,1.0040573102157193,0.0023307270892598043,0.005804779197158493
5.604430643990981e-05,0.9815078377193719,0.001986184550877347,0.011367304522355603
1.8709568165374754e-05,0.9963268704435582,0.000694374212415861,0.0164044288438217
0.0006866920055864386,0.5921139663770614,0.001085016101022833,0.005073737500817787
0.0002479146157316788,0.5242419811080123,0.006272670131948786,0.007682866376932909
0.0008695219143550086,0.5577017082244914,0.0043731006251366165,0.009566475075027772
0.011133505705079748,0.6546185699859618,0.008110511597663761,0.013936966276926636
0.0003157451468633494,1.153101233264113,0.0018244265826528295,0.029707771782328214
0.009413023465217872,0.02020814130905806,0.011678193804570455,0.00982731664164027
0.003218555515532071,0.17424990444661245,0.0032357155744025066,0.003138622839799763
0.00019226082375061536,1.0371407995136497,0.0019349457594089556,0.004318831886670886
0.00025947962334309075,1.8830025591957944,0.0050759989532925,0.007366744445242813
0.0028444004707147796,1.2674810161739953,0.0005964221981796537,0.013706040432670557
0.007804762234923354,3.088763565285861,0.04532489217991128,0.025358034651417113
0.006361260802163641,0.8778148324872049,0.0015838852956184682,0.011651001096847904
0.004889381374117579,0.4751248174472307,0.003001780458527559,0.0028399254541925244
0.0005627955424597498,0.7581191837973837,0.0009832917084011707,0.0026190201877301818
0.0018801166274227162,0.11316426461790924,0.0034171367334560536,0.0021698872127082166
0.00281824052304675,0.8248876255086853,0.0008029527605173532,0.00600061795188726
0.00054569734526054,0.5329782352634932,0.0018430339565098045,0.0051090989313742384
0.0013497364395502782,0.4200085794733567,0.0018419526607692056,0.009976782238929062
6.66308482893588e-07,0.46498620931202406,0.001418156241853075,0.004356956193851668
0.0010340685651735752,0.28104340108969805,0.004094001411262428,0.0034722634135169986
0.0018393415930533117,0.7508764535885801,0.0009858380246944274,0.008953051650309329
0.005966724887752768,0.4810405489817738,0.01190725344408023,0.009688284181723001
0.0008788842407657253,1.319916812398068,0.006847505324401819,0.018695849720299515
0.0006415748336648131,0.7449806887535397,0.0007998340665686188,0.0057134874172893825
0.000640803260089581,0.17472579065619337,0.0016070958103488588,0.025808476153153653
0.0013002308553527638,0.49508775692622614,0.00805708844228166,0.005493725985561612
0.014240489404591973,1.4582418280541969,0.005066994333041814,0.005724630653595117
0.00017777242084033687,0.4317765584603097,0.0012119036127256138,0.009327344502766883
0.0004416972686706551,0.5561273322192645,0.0010223390373594065,0.0016125148950463647
0.00337242397627224,0.3554781260453599,0.0019897703745728663,0.004370799215504854
1.7467851965400354e-07,0.36664991594918417,0.0021966306268587335,0.020069268323734284
0.0018068128044268572,0.8571088437194175,0.0015729721944257675,0.03897377662628928
0.0008978311643762022,0.23917276523268055,0.002072767686367417,0.002334748585152466
0.00019535364691697843,0.568885134433681,0.0015739116645148198,0.022470846252770276
8.631921805630566e-05,0.30391841124199087,0.002431029436980862,0.003279878186731883
0.004435610042928392,1.1298830781563751,0.0008273274736496644,0.007400939803114588
0.001641550626197597,0.4363196735536561,0.0008658548566726772,0.0008409939464311978
0.00042048619016525553,0.5627603994901047,0.0014188444194484688,0.005708998107441541
0.003089076499556346,0.9775812971236503,0.0005899533322525103,0.019234756773838912
5.344953191966932e-06,0.9678213236555764,0.003293346076632585,0.026449711712439233
0.0010128923076670466,0.40838838927660626,0.0023157672522980716,0.02819503629409791
0.0004484445951443285,1.5487496020736908,0.004196885336515733,0.04759536846902876
0.0019249240395048323,0.8004155482257373,0.0012794661657630814,0.02430114655880791
0.00016600361059332215,0.23737079578566472,0.0013823319197474552,0.002651318038682463
0.00202758627801374,0.38982717485950213,0.0031732854491167872,0.0020022190120908144
0.006972616235298351,0.8499198205539126,0.001961583663030068,0.05244477571010402
0.0001700970442213076,0.23798287271289187,0.0018659224782111028,0.012908331641996354
6.426086903199124e-05,0.8640412655853654,0.0035765847053853684,0.011567112437091076
0.0012151853825384928,0.33261500116612264,0.0010071404818557835,0.006106743929339958
0.000335329410067307,0.2944629529229407,0.0023997376392300117,0.013515918484286002
6.035990701229756e-05,0.2675743754456015,0.0025647874082139793,0.012429719198478123
0.0004010948740270242,0.13120130108933958,0.0015528244719331008,0.006079306069414062
0.00044920126478327455,0.16377815867140255,0.004460947903369422,0.0017748234645013634
2.360494505752348e-05,0.4259380309972224,0.003243759938113341,0.0017268904557457686
0.0034630849145864747,0.2775092988751733,0.0018129963522923603,0.0017068039079459554
0.0013367298382199338,0.6043264046854944,0.0024539453493087125,0.00131932038063002
0.00010939968904026934,0.06359795974288344,0.0015834779690682534,0.004433355671274636
0.0002112760724740603,0.25507298664881367,0.0016555483871713436,0.002592264254679096
0.00014354295919313657,0.1805675796399037,0.0011051829850607263,0.002237337365827393
1.5245564718124421e-05,0.29661531553079246,0.001405502575933646,0.0003122594461494165
0.0007042304441542656,0.3149665092840831,0.001305743481323414,0.020904135232226322
0.0002380604643733974,0.46544855807932006,0.0038128558771593404,0.005439776348122431
0.0001502582137153516,0.3957158638469554,0.0015885505140436462,0.005636637937926987
0.00046339833906402237,0.11018177942037943,0.0012732654506890813,0.0035286940702250933
0.0008355198546154706,0.2683123026170562,0.0038180429251054655,0.003478491348292708
0.0038343761662087716,0.1413916421364734,0.0015120220670009482,0.004247397176300413
3.710183806676605e-05,0.31188492074289986,0.0018306839280922494,0.029655644698397043
0.0005000896396661899,0.18157953798740362,0.0015144207289454097,0.006347018996308251
0.0006611810049058439,0.26659058266633434,0.001105108568351613,0.010579613039748295
0.0016208353807279686,0.8731334655792719,0.00018702646630268065,0.010801966677383082
0.0017737309327956416,0.5362749051000693,0.0014495327630416287,0.009054003681279952
0.001506653041706034,0.1514572057606242,0.0011974038933481076,0.0011118348856539323
0.003074565590202656,0.254220515959482,0.002322116366560613,0.0066763733032461645
0.0011076225082798418,1.036632871020364,0.00045772738387850234,0.011036041070128455
0.0004885037445751753,1.2289991628004504,0.0008362727461070379,0.03267645761198742
0.0030490454399755046,0.1398479059132972,0.0012563630725730933,0.003379458407185018
0.005906356658160236,0.06524533497723663,0.004299113571039791,0.007475787751834391
0.005466673720674202,0.531706710823947,0.0015118205671450608,0.0062397646635598235
4.911206014734506e-06,1.6796339283994854,0.002397197495912245,0.04412680794877949
0.0018257925971898589,0.35166034486990727,0.0016279849554160948,0.019468245716395268
0.0007978061461779154,0.27831709328156096,0.0017590486810272297,0.003913934268819042
0.0013355478191236635,1.0085347804326343,0.00015414121373434934,0.003043909602115783
0.011847987680254924,0.2972677432180288,0.012909715246739456,0.022873188878602516
0.006070674074958181,0.12760646757698718,0.0023604295265899117,0.004707397102322347
0.0023811424219619243,0.24077397552728177,0.0016406897909802692,0.0012381341972726924
0.0014466450530887618,0.3922059261651613,0.0018233629914828256,0.01620938537665687
4.0175947953057794e-05,0.523054122695313,0.0028765169597868775,0.013948238556096547
2.354393662904351e-07,0.17220330801671094,0.0016092197622994593,0.0015953774372750031
0.00860668644310037,0.29433870629747744,0.005522106398385408,0.00925068425298206
0.001494677179113604,0.38005632126316535,0.0007486116666840299,0.008621618663736246
0.0069703578989958395,0.28535870376682637,0.003610093021638793,0.013177699038482996
0.016732661638135197,0.22173211447932756,0.016177169531435383,0.037596177688310216
0.014017247393193245,0.13208940342677214,0.007324889497821768,0.01106765446670995
0.0017953586925108832,0.5435772163151031,0.0006582995770913726,0.004820085144666182
0.0042768063199930375,0.33045577428249173,0.0016073346314131943,0.0024431013676820637
0.001440159327327632,2.435332180549064,0.013777564784230917,0.01544616652397788
0.0043619662859594975,1.2359215318323358,0.0021085728308286767,0.007366095629949203
0.0061158955613864275,0.8668530311532238,0.0034270788465133734,0.015353366139311611
0.010216473670036247,0.16490847401242908,0.005290400727629614,0.007630062803692424
0.013973734698763384,0.9769795438846498,0.02261996971383229,0.029338219280118538
0.010738694336208427,0.26478528218931513,0.00991563985928857,0.05149708094751961
0.00032489796864907105,0.2471887923859497,0.002520112398873748,0.01324482892543194
0.001714440328806525,0.20845203419446445,0.0016197727844777618,0.016250684833645918
0.005036100047956799,1.564731407376329,0.002566306313714193,0.026114880710273885
0.005082108951407126,0.42033941495162863,0.001972230975032727,0.0031650917215169092
0.0006098694457539536,0.40529385161924986,0.0015726485277530115,0.005208214405370586
0.003419069537967987,1.681342040314534,0.004275473350802192,0.02448626561822644
0.0057968307787036885,0.19852123826337784,0.003845763118885809,0.009576402526628959
0.0008413029328267109,0.8877840664111745,0.0009594773983793958,0.0025861999257781386
0.0033306692906635853,1.136629506322101,0.002534679587374894,0.04326394674058991
1.4388727769029751e-05,0.6008656692608675,0.0010643217916033924,0.02670246410173606
0.0016578438095101481,0.18446808183546012,0.001744290748597885,0.023552570221810898
0.005713635479492055,0.3917482357548841,0.0029357758340383456,0.003567660165861804
0.0030728222636297957,0.25021778393601996,0.0035100430918499157,0.011185415566090678
0.003262308103862627,0.23989644230467366,0.004159365215032342,0.027167144721868288
0.017598989212444866,0.5855156797513447,0.009299187724728888,0.055237412314859874
0.007184435444742313,0.7663972875098896,0.010794902685487058,0.044075097487593244
0.006911742406095866,1.5259088156642029,0.006419604942709101,0.021360738511440422
0.009051272302550659,0.29161448852067284,0.009649193535233677,0.012406522603342275
0.0071553257956985875,0.15445676595333824,0.005863990323786876,0.024463656963585514
0.013999630715706604,0.06422799644986604,0.008887944285130423,0.016685170103370763
0.011979445267085576,0.6880325248178811,0.004792149966982597,0.025981878174354073
0.001714203532308954,0.6648091928391429,0.004549647512321405,0.0861157786177734
1.9301314892826153e-05,0.29722496942475424,0.0017664665083764143,0.030472182074691666
0.0330542611326585,0.7388559050824084,0.024067702340398258,0.05931985518285412
0.011862256638718741,8.363794770979943,1.12413677499297,0.18753958040149407
0.0011624246275104657,0.35302320087079087,0.003092458381112886,0.009909158598120188
0.024179481550194646,0.6910617725224184,0.017406459628040633,0.048806530571114594
0.005348817434108238,0.08760361253104525,0.0034735960303086994,0.006943618755459401
0.005052516125707222,0.10940393931397085,0.003980857213645238,0.022537542298290202
0.013082025830748174,0.2788323768380128,0.006774829264508284,0.01978138938155768
0.007151227270083515,0.13874384424156255,0.005405834379592422,0.02428115783062405
0.00027899024014543713,1.865659830529507,0.0032062904946046134,0.007931029427807762
0.015497539323258612,0.08143111103803193,0.013590035963383948,0.01392080009044303
0.001452376287070545,0.7269692444261291,0.0006083514741880518,0.0027905711211621263
0.00015319147783818612,1.0680225299731638,0.002049677625116836,0.018985300915520305
0.0010255336647383316,1.0985750708751405,0.00011365137357984283,0.004955874535663805
0.006544274757893518,1.908542976236917,0.0033610406813479113,0.019898185228187145
0.00013551456276532129,1.6756217143293277,0.0019263670783094405,0.007033921903850159
0.006752178883586583,0.9909928014271666,0.001124718871655924,0.008276873475662886
0.002536852695121852,1.3479220803360956,0.0002808232602111535,0.005291366557963043
0.00021650517808484668,1.9767051296984741,0.0018722125795948045,0.01555763832273493
0.0018657857814727951,0.5441749988290597,0.0010395281050603758,0.0024357876691696746
0.002671809075474527,0.9073627943830033,0.00048669249986468013,0.004552592660200819
0.0003051031911842535,1.1843721404937821,0.0010995325213266998,0.0562470911492877
0.0021709278179051616,1.1285495804859083,0.00015561446834238388,0.007775510553722639
0.003607163378385606,0.28169405866230096,0.004076341540873721,0.006737169746942845
1.6426993236793972e-07,1.6849182293247769,0.003053140090011381,0.0599236246586235
0.017797460256423984,0.3048808538152182,0.011722508413960385,0.017281654052833165
0.006908658748065355,0.06265615222965618,0.00625133265672143,0.004049837426998071
0.0022717282047845476,2.092788181836913,0.006318325047359622,0.005716515609899052
0.0016542918994583858,1.4476391474445285,0.0007260275263396452,0.007158208352734578
0.0037883829743213695,0.22326224470961503,0.005434786392823611,0.008575874057419532
0.001585037319585843,0.8524448404392306,0.009690807723787194,0.027512442522258804
0.0035313078050812096,0.9741781807346445,0.0004061498249114852,0.003825831907794482
5.9835204946416357e-05,0.5448288858451814,0.00255036036617782,0.016172237315339587
0.00041727540364700183,0.4366355516363792,0.0012996811113067644,0.0052263269247044795
0.005305462292101312,0.23400499365746666,0.004318622140210559,0.004160152022518478
5.451026229818839e-05,1.401895884506485,0.001959591241933492,0.015121332175723349
0.0004891719333873014,0.21383434609151455,0.0022228479941722467,0.0030465815532845666
0.0010066414992152281,0.13179415643660775,0.0021908460290680017,0.015886989652952672
0.0003074154902577021,1.2078327217034233,0.0007503456991111386,0.0037272729908510616
0.0006336416111794109,0.2659354960467067,0.003935906452961386,0.004777132749515688
0.007547881784382805,1.4296665314650068,0.0009871788406938282,0.024895111083909027
0.0014765140213344888,0.7897077159302714,0.0012229189435964411,0.032503607523860174
0.0007750866433154597,0.1441104171326095,0.005254704634965364,0.008321202536561583
0.010600971134402656,1.459349341771255,0.008630226013619369,0.020895924423318463
0.0006164065177838943,0.009390619537158962,0.0022155182921079286,0.0033282105114444626
0.0004253144193377807,0.560960429261868,0.004387424155965573,0.009650060559157467
0.001575166599834017,0.8791602963287839,0.002217606595324537,0.00852820889593983
0.0007531519405789347,0.13138557518327043,0.002564120592998508,0.014055854282984082
0.0006150215179702934,0.5423410552162508,0.0074478979623155165,0.0021908997849236687
0.010773437698847603,1.3037750395430816,0.003319532227374859,0.007444808194943478
0.0024379265313506046,2.3476769443432497,0.007484828791205849,0.05111855871613633
0.005020406499379034,0.40365606522034014,0.008637625266419391,0.004901690067419629
0.0003547707068653398,0.2270739549380091,0.0011599715207309433,0.011310988173460367
0.001383347194841055,1.0512516766826003,0.002893403580021711,0.010222236990609002
1.6649427769417652e-05,0.21732808427284078,0.0024662691032041914,0.006338142230686856
0.0036050949697995355,1.071844307494502,0.0035234604369559983,0.0051502516323901305
0.001994600952128942,1.874750769672103,0.002646274211858759,0.04802860294734518
0.0005787307370041722,0.11211196395754977,0.002498236209391994,0.003350975144027759
0.0007835649368090068,0.1899882669285619,0.0019738416604702337,0.006975940382866537
3.704352215403852e-06,0.6721192893818602,0.003164185162196553,0.010405731260102876
0.005636998960342424,1.1760387883369001,0.0016695344629857696,0.029960838345059564
0.00014016434381193465,0.07022801389577028,0.0018921039960610893,0.0033223350842872244
0.0015340676238609714,0.492402540292137,0.0014011114240613503,0.0016149379910339195
0.0006052822682471988,1.108659236066378,0.0014958566938786438,0.007306175965684202
0.001499880343875214,0.22529574910941227,0.0014580463429868082,0.03174053044207221
0.0013195616548063013,1.4702666812463794,0.000594396194201615,0.034517101894183146
0.004305140816725678,1.0343637785770288,0.0015946090390791653,0.006637592321634824
0.0010581632279316913,0.1650906202111574,0.0022884709037890856,0.005758261666729715
1.6780419267088148e-05,0.5778340898452533,0.0024159175308638044,0.003014717317128784
0.0009439490776565288,0.31442925596760857,0.0019174679060707843,0.006522179317361832
3.7849777665281397e-05,0.2396242663562597,0.001103982982030116,0.025568337357179196
7.886775518448202e-06,1.0086091369162895,0.0035328358662146103,0.025284369995386316
0.0002186709893323103,0.4158141296463529,0.0020743375882214658,0.011289690667370303
0.0013564101592574952,0.4085185057856234,0.000727305408319637,0.009993767404683168
0.0001872729266772958,0.047160886581787236,0.0008447822597708897,0.0012718214001108724
0.0005580749972409634,0.3190921783216436,0.0046515309163941525,0.017366834609882396
0.003091821544586301,0.18742408627253487,0.003002707103737479,0.014710074147204254
0.001112118645101972,0.3347439909256541,0.0025278226503039473,0.02041450779836342
0.0015129876439870643,0.10626706488172932,0.0018972298825315481,0.0024019473285728852
0.004225460482425519,0.11418219462430629,0.0024336439867703144,0.006279784056850479
0.0005306735441223679,0.3215723306742983,0.0018544576565070927,0.003760100457329258
0.00011049028830812501,0.08822114628265965,0.0009483040067802875,0.005836780880994176
9.104081914389354e-05,0.04550629892536282,0.0010100513423165131,0.002132672110404981
0.000642900803024201,0.42591603889089036,0.002100937169825618,0.03665745309078001
0.0005305738637198447,0.8298589522611505,0.0013920837946068724,0.007551300203827692
0.0021566131265927267,0.3853763617958883,0.0007329699761007984,0.009354086981312714
0.0009576532443176007,2.2787077383872347,0.008628498264461193,0.08068144782579768
0.00028020614365103347,1.9583497328475294,0.00491999170315663,0.01655310520298446
0.0009053768652720128,0.13889854004900742,0.0005993735475360109,0.005135014800122747
5.857441150027253e-06,0.23364096788796526,0.001864842879570651,0.0035749153124310716
0.005505078571619652,0.43157581746581686,0.006172150406780844,0.025570138892286307
0.006233414979450146,0.5043684128685646,0.0025109713172449654,0.006777634431323384
0.0006232779281985658,0.22168301480858268,0.004772496921922011,0.005730807340869201
5.486679576823135e-07,0.35757674253952537,0.0013852002605267493,0.0003792539428526637
0.0054939181786724635,0.08452516802909363,0.0031037544102740255,0.003562066736599567
0.00037169287549101553,0.47121600458556046,0.0015195052340108298,0.012366484602001564
0.00021685334894416353,1.4175102651670795,0.001998059440284878,0.042606239541430634
0.0008504668152038401,0.0410804817830603,0.0006437858373705584,0.0027112478459174424
0.006583387021282088,1.2515294595511586,0.012347319599591436,0.0388528973782371
0.003160626666741714,0.08767185791468163,0.002567757579298896,0.009925361348071532
0.0015041127227749746,0.7450238065373812,0.00018140473774112072,0.0032865863682573723
2.0200828940202958e-07,0.37639371960117124,0.00239698803717588,0.016416688598317245
0.00013281926518774045,0.2988270144598595,0.0017709666998379822,0.00047700001094650666
0.002579208692899754,0.5440256831688005,0.0014037679134954646,0.0032111998672278955
0.006516136909921717,0.25615754130637114,0.00619633916131664,0.025200575106984313
0.014659962514564693,0.22597334426407198,0.008266400777472658,0.012715417232420789
0.0007592764448732665,0.28619216925847146,0.0008575904098923441,0.0031808002200304658
0.003513604877146224,0.2887364530436094,0.0015486896485513168,0.005573331846131528
0.006225899960073048,0.7535984565996935,0.0022092191163470675,0.027592563215701093
0.003928487411431651,1.006979253149725,0.001914214180983459,0.008061698920543625
0.004553045730812437,0.2607030306601117,0.0039210165567442135,0.003938918547910144
0.00032231515163522764,1.8027247190681857,0.0012401880756308132,0.026215250466305018
0.003376202558888611,0.1597327489532222,0.0019422192630657246,0.006121430559579431
0.005579570584399382,0.7090634343836603,0.012013428923735673,0.010514370265972421
0.0011102129175654546,1.3914831605803006,0.0014668151774902324,0.056739727961961896
0.00024453722992478865,1.2239464949241838,0.003256509976570581,0.007204657322751544
0.0028812495564573136,0.14111690587142173,0.0013756304792691403,0.0025327166326123657
0.0023274708027184294,0.1450028903098078,0.002297998904650101,0.008968949438054284
0.008560984167230784,0.6144010165574334,0.005238627659925485,0.024385581400990078
0.0031343832814286726,0.3561058847643619,0.0011840325012083567,0.0015593656195574286
0.0046795427776305885,0.272181044542805,0.0019466799661062356,0.007322050265741333
0.008573079132203367,0.12227934820790932,0.006534106761454372,0.018237949160079633
0.0073502505631582475,0.2944246580838187,0.005077823275709852,0.023366271235749272
0.005985484688844717,0.8655673664338357,0.004967701675547242,0.006907522342838386
3.111159903635011e-05,0.5019719366057349,0.0009559512563084935,0.00554890032139553
0.0027977284888589323,0.2990696708647208,0.0031211342809121466,0.002236534969814528
0.0037266217310936694,0.2688251213660198,0.001309060586275024,0.0022018618934684926
0.00030087512429913195,0.3265728883647455,0.0012211498760298844,0.003166880216837339
0.0005418566664978762,0.2665971505629474,0.0018163762532817944,0.0006099651672013058
0.004416681986914199,0.06303884016699875,0.0025104881697564437,0.004115486990865403
0.001097991441633704,0.378232788740627,0.0009900092193983218,0.011835753214492073
0.001900249988074587,1.0587624340079287,0.00023280940191632246,0.013731486981795651
0.005804775725102605,1.0105667373281004,0.0013991830560021394,0.012078161837918057
7.69569165499158e-05,1.5524056011356329,0.005441673342799401,0.05165295873368433
0.02773005337328696,0.4210392036095158,0.020043532398037387,0.018765629125174904
0.01105594015475661,0.27433433800744217,0.008598735022106495,0.017313941020725757
0.006229153578650989,0.2741643569421163,0.0030605169515381635,0.005080017725925798
0.013229858155510551,0.030392361242018297,0.011194540575419494,0.018815331480643672
0.012725369701574169,0.25739439895382926,0.009005804012129503,0.010992871537718482
0.0008626423150595771,0.5301832287128802,0.004200547763377406,0.04904078231594138
0.005759434618652216,0.5754816958035697,0.0016465472271324376,0.014623574601933734
0.0032207429087314893,0.13199542084313975,0.0012202752733942277,0.0036153990852813346
0.003753076629697996,0.3867199540318535,0.0019024448545323942,0.01888105971580711
0.01957901656822721,0.7770135322457076,0.012092772678214935,0.11136920741721523
0.3504790824487756,61.03279428739307,12.608827254284835,0.7581910367959073
0.003174796453864773,35.36415705394493,6.277530836075406,0.14364667869956546
0.001523362568816162,25.23823470466719,3.4542015646958784,0.22666937458815437
2.409362618878994e-06,15.931437680604377,1.9128558986617097,0.006324411456276192
0.0014422067164553635,3.8663975265061583,0.06857725155285406,0.016002501616314113
0.01668085612131014,4.22935552981857,0.15861811986853303,0.15356333451101592
0.0005330390977621903,4.387573816089891,0.46389129348813946,0.05059229012936547
0.0031109652661290327,5.514367733783647,0.8279624981794194,0.03398872362652797
8.895295729052873e-05,3.962445218906841,0.5964956992778242,0.025447703143884424
2.520604183219372e-07,4.142956354703739,0.18520708119018278,0.014718968795646194
0.01148122874277008,0.8777002482841413,0.00960381413900958,0.023414975134678523
0.000672057688177306,1.337622672018987,0.0017931356861608256,0.06526112739852928
0.001887199851860327,0.34464031926365596,0.00361266472591046,0.005807822663440661
2.966556976347769e-07,0.9211947872511835,0.0039119342977363735,0.04208654880107685
0.005898186350515971,0.20116279303214973,0.008144172591607685,0.011846398410189031
0.03701447554391505,579.5115376062531,125.43705786217619,0.022169899025270712
0.09096287583384906,63.141191188007596,5.1540913009060185,1.068713553612113
0.002877783282595622,1.8495266381331867,0.02003351022429641,0.05737945670248615
0.022842450319645657,3.8411467297239223,0.02980879400510501,0.06503164299786796
0.0004292160120210013,2.236149629205527,0.02982435158952185,0.03910890855017696
0.0016471097727618993,0.46355621668930075,0.0025938616963281187,0.009128619717261711
0.0037279650582546647,0.5396490698417471,0.00482904354955203,0.0032258365505650733
0.0011817950654234007,0.23135479005938916,0.0020076790999903004,0.0060164079052505625
9.391401227981866e-05,0.4351285898364299,0.007436453536251161,0.004778579626879418
0.0002973179128787177,0.3213936318739209,0.0027079200563422043,0.0009616303087658295
0.00024225561214589648,0.2945644816589328,0.0037615501463576814,0.020565361468544287
1.7521826313386537e-05,0.12087456799726833,0.0015500898233689372,0.0013312415661750788
2.8893266155564286e-05,0.5040227262525885,0.001962465121761716,0.038343682780325856
2.4089372281114674e-05,0.20380588647703546,0.0011516923537442383,0.006713400057505697
1.4655628410611589e-05,0.21022680840503108,0.002355576602185464,0.02813552731301096
0.01690307437711121,84.77205910379337,25.29780951297901,0.3963637849871418
0.04466387039303244,15.52156874175205,2.6465328241076818,0.24272394950264542
0.010971021330598433,4.480845722057925,0.03620041255669341,0.16700638500095089
0.00015448431473797747,4.700873530721981,0.049365000161961936,0.21765986342816968
8.090017151964558e-06,1.2764544979418075,0.00478042144529826,0.05477789102209174
0.0062718309640624964,2.0002775192654356,0.0011712964282592172,0.08333322551957106
0.0003040440122774333,0.35044226644029597,0.0057249396959553845,0.004958271756131244
0.002490823180223386,0.5034357543078393,0.007617622689030514,0.0014440428997189543
0.00022521413869043395,0.24580129999546613,0.0028305364958205515,0.0013438894716799267
0.0008368954396924827,0.31019961305840005,0.004675552087824006,0.010948600376337977
0.0018188137873041835,2.4897490705378007,0.023073369156481588,0.03583820543097945
1.4490495110874406e-08,0.9650507487634872,0.0036103330986814344,0.012324487501013509
0.0005782629013452263,0.23249961148655224,0.0023722398267763175,0.00039950847397114686
6.26099696260394e-05,0.7055887364761971,0.0019062505782134747,0.01377053219508236
0.004634292712588908,0.862232369465187,0.003814948648288645,0.0034622725354981534
0.6147422104084203,87.62969969540214,17.4406621110787,0.13515506623758985
0.13896715164606435,68.67655534291134,14.376636672538602,0.05076408422030959
0.059136377223626725,2.213958859938065,0.17002273526396894,0.29814289752815
0.0013098618179273522,1.8946197064690273,0.04036563277336088,0.021441137573641217
0.0003648883954400221,0.16624180234443003,0.000804796790931783,0.010764789336896292
0.0002038861622227263,2.685723328934917,0.02771819822740843,0.009636465638084941
0.006439150227557175,0.860451267291216,0.007536808887506244,0.09915740659536898
0.007212320561485287,0.41459100671696664,0.003908302987800952,0.019273106958334143
0.00063469722036207,0.8850021869321048,0.004132358650224288,0.01448114185182884
0.0013111020368539543,0.3659388532119977,0.0011093669757262792,0.0032705267827224673
0.0004742943831006953,0.21132881769082523,0.0014945951503028817,0.009983481279958689
0.0011007141573671133,1.0905482648145712,0.0012377600518988267,0.007421494956905823
5.093692613162605e-07,0.21687167103458796,0.0021871136920059526,0.0009821744835491373
0.0022257486485700345,0.13611488721361154,0.0035387745604617948,0.017854520682399986
0.0022143476405574623,0.5307249705299726,0.0012173633851665035,0.001918076461215162
0.0296870548602662,115.45707687951676,16.133816966708054,0.11207468348970957
0.11839679468398412,6.675441729245483,2.426933524284066,0.11340786270074125
0.04277092081890185,10.798328686943872,1.0621743444835896,0.5003496104640771
0.01831342841478048,2.9145999214310354,0.045001451634968694,0.13524088933276315
0.00655373927134717,1.451234483776719,0.004093473452671462,0.029245223555301042
0.003645336863845164,0.9485202161833934,0.013863527280121279,0.009056578232073106
0.000712500143759133,0.5470119249438509,0.0023496609063345403,0.022974690879852756
0.0006555440986997754,1.6134025919684196,0.002831825031026683,0.04153022887834641
0.000257403607648576,0.9697928208643756,0.0024147668382443724,0.005848424198049085
0.0008164041977692117,0.6569722099331725,0.004749308339442244,0.0037529415646995576
0.015112889651044787,1.8799696492039397,0.006776158034968577,0.011411051883801614
0.0003897325134927822,0.4352094753604865,0.0016445608772520037,0.005557079836191951
0.0027298162996548035,0.1363921638513747,0.006217570533944814,0.004141166051822453
0.0023058906373098374,1.0186324600110805,0.0007603494340714579,0.023146187831197276
6.000212250008879e-05,0.7716674768040086,0.0026551282596842026,0.025941356247972756
0.14580602180536417,5.232725287262449,0.3991101043713254,0.15620985240824833
0.010752565624715922,5.431623842139559,0.2806202596487773,0.2943914619698366
0.0028583553802646535,4.281604513066689,0.1542230697711209,0.038742907102111396
0.0025188377084291043,0.9146826261684156,0.012299746324924149,0.03675984758973527
0.000725216833996226,1.109026666870247,0.01295630482416528,0.018834447332696427
0.002270533783129101,0.47240248514431393,0.004384239446761906,0.028135359966016443
0.0013366057326074305,0.82975791346609,0.006339477869200381,0.006636375408007818
0.0006715364810877645,0.8280401281742839,0.004123203803195279,0.018715784202489136
0.0035475501555537995,0.3852672748596297,0.0036804565187685545,0.014726804824387698
0.005930685617446931,0.3292750594341201,0.006456407929817705,0.0047054237219260634
0.004028164147315517,0.09830772510399961,0.0033271110864770835,0.005224195709745618
0.006516982402973718,0.2235375543670838,0.00771917445843787,0.020695343716956364
0.015538996996939588,0.05411657862676644,0.013076934406671748,0.017256606054480584
0.006183160056534184,0.16322987153040683,0.004943417978771563,0.018561629496979083
0.0018194826983664696,0.07434515257094601,0.0011172341768465022,0.009271966605128369
0.0025209861794882452,11.243830030284887,3.628756345029704,0.35233656159361365
0.002775386658019422,9.928796789986032,1.0155230162257116,0.3335119566387685
0.005064253795618046,1.0740965572518402,0.018585256925401996,0.02067974133666078
0.0006651963869421493,0.7243887948539184,0.0033028956242184358,0.03867933919887464
0.0005545134674913326,0.3938356988603585,0.0021199062082148455,0.0013002078493741603
0.0007654648690461624,0.2581722684675511,0.0016267271488756834,0.027730769694689284
0.00017469198553121665,0.5299645193687949,0.001975736676505741,0.01471987770520095
7.400266294178098e-05,0.7855591881555136,0.0005368890003275861,0.009951324210112704
7.562658548535151e-05,1.1748911520804852,0.0018313530567998224,0.0009741497604853585
0.0006861831671005729,0.536828424630387,0.0010118424052552733,0.0007050690687637685
0.0006145752051790708,0.6157815978974088,0.0009086660033716284,0.004277495161873792
0.0018804747500373606,0.34263211395233284,0.003429987744621533,0.006822423258097443
0.005123362077882101,0.2819605285464722,0.0028421127754702027,0.010575598265723747
0.004120127404470588,0.7077161056377463,0.0020910090632955355,0.008666674947726976
0.0034082980554994355,0.1734225463812939,0.0020895104018442225,0.010566809794751586
0.00019765261115840764,1.3114262908927372,0.026826167722799093,0.016642109836720244
0.04781543859450394,10.00854908168758,1.1204344420778376,0.34477958451568164
0.001971289249563974,0.25252803193045203,0.008249630053676604,0.02153185953843593
0.006275329244821877,1.3269775213557542,0.01806607169217864,0.005651971573889574
5.143530571712218e-05,0.9596677778412673,0.001890600536841835,0.0024792220707597575
0.0017040206840533848,1.2307119123085168,0.004395631373349289,0.008007014801026805
0.0012977872524575235,0.4906526559462612,0.0012496634810829044,0.008511015535112751
0.002729450820523531,0.30018900935306375,0.0019903993431546786,0.027565871968080316
0.005793386475382225,0.9553733356285922,0.014620359345259662,0.004872481613545719
8.031965207776336e-05,1.8055585451863265,0.003140221866192606,0.026694559772516408
0.00605058264345893,0.2752852490567797,0.005701026213673236,0.021667337238539336
0.00028966317113166413,0.70486148864736,0.000818796295324074,0.0018964137082849832
0.0036792344003401104,0.32182290497478866,0.0022115665558301903,0.007913019258056965
0.00201312416683924,0.290520916734647,0.0016691697562813386,0.002110226367607919
0.0010814021711276025,0.27425898464688536,0.0007350328482455005,0.001295652996191175
0.013413410282020055,7.4787311197400905,1.1639524593751942,0.19939156002839817
0.0028265194937253154,0.21888922761117907,0.0020469502475619146,0.00874426166134526
0.019932675620734187,0.6911257615550612,0.020458505604754495,0.02022422687801253
0.001626000719042667,0.13191548747184528,0.0020272656550936676,0.007150743081002216
0.004882507759674785,0.3165618967522591,0.006727567918051406,0.030322092792464967
0.006951825397697884,0.18226828137056164,0.003268061226956522,0.008971891336368117
0.002898545430582574,0.1880462906452822,0.0023756093941623706,0.01383224088723576
0.0011734387988435496,0.5946951761751367,0.002063074838548777,0.028609538024726388
0.005891663053938854,0.0961971793788514,0.0035860277692253834,0.007554980603293417
0.002028304836514355,0.4391309791104995,0.004028102502522048,0.033835003264596784
0.003216858257110445,0.16790414503830509,0.003743132786098799,0.018706089144186273
0.004941569039237976,0.09868751284272986,0.003612295148900787,0.009941872074047313
8.031965207776336e-05,1.8055585451863265,0.003140221866192606,0.026694559772516408
0.00605058264345893,0.2752852490567797,0.005701026213673236,0.021667337238539336
0.003216858257110445,0.16790414503830509,0.003743132786098799,0.018706089144186273
0.00810137346985495,11.429309517978599,0.5591438467578156,0.4742228207202605
0.0014220176362196928,3.3849397950756277,0.297904442679908,0.005358172085354811
0.0017974999464960457,0.5425209108929417,0.004842372735283678,0.02718782545434975
0.0006327652321733148,0.13285884454624125,0.0022813255083302644,0.00833541063782861
0.007468645248542397,0.8182149613123687,0.002894850689926986,0.008246147715561434
0.003408496256620696,0.39431756260079026,0.0025825218921335675,0.007867012555357768
6.340855988704019e-05,0.3115224773566202,0.0013502391103456903,0.005292387678417732
0.01309156154415622,3.0521916056880363,0.016535599735698157,0.04560067722150229
0.0012936998426631902,0.5626642165091463,0.0019199406035022328,0.006237633777761508
0.00018521838643639443,0.19358498269232,0.001595777842193962,0.0017288561007728126
0.0022557202603943737,1.0121329918472717,0.0005247528159422377,0.003331582678923998
1.4860559883005725e-06,0.25752733510367476,0.0028227600482802306,0.004181727192468265
0.0018625256813644255,0.2354861625819446,0.002679119082191691,0.0069167145503780956
0.0012043796594547816,0.5957638159906123,0.001967105688477323,0.010491592810809615
0.0008265571220237952,0.1632008386447789,0.001468221694420768,0.0034378234775734166
0.0025809154858493374,0.9806334084357109,0.0006931538291528554,0.003675986189600716
0.0005912197195042194,0.14440829527645035,0.0021709820563003135,0.003515995798290402
4.1809821696520286e-05,1.0545261291578123,0.0005102940566524594,0.002508917693557195
0.003814678811530708,0.971861883799517,0.0010322875932393225,0.0174688121698053
0.0025287671086138062,2.83126394264015,0.15443252366654092,0.020816503188126445
0.057731173979250594,8.55152745122556,2.5219022848713455,0.16890483373837728
0.0049980282749027384,3.5987523225982394,0.05636162319865196,0.008239706159518488
0.0038493725466896282,1.3342536582258868,0.001114291334291486,0.06416985887986296
0.0010635806395386188,1.414417401852324,0.008821831831540955,0.007471009413038988
0.0003660817798518301,2.3133088465230496,0.005474827539955741,0.014663651347840182
4.885947380049899e-06,0.30704637237395505,0.002255839584163966,0.01187284679083076
0.0010769691033627345,1.0559390114969514,0.003305443813295159,0.05785602082204324
0.008627429785681056,1.5231941609030915,0.0011993141174936456,0.05040413246997292
1.8188087389544744e-05,0.16951917408839948,0.001924093326731825,0.003263959355969122
0.0008656616098799351,0.23975698687682476,0.002075862406023345,0.01704260447578281
0.09150314885662535,28.20952833933913,2.2956127200422087,0.09699089992297268
0.018458001900465044,3.663127707926895,0.0559675646191136,0.1016983204778546
0.006363350336618341,3.615230202309143,0.038802922057228524,0.1438400638865924
0.009463242681170199,1.1019004433881396,0.0035625909142754167,0.013301543175580141
0.0002227475492519782,0.8605293585005844,0.002196763294363049,0.0021142669754635056
0.0007751041575310751,2.242786151570212,0.004253345496633132,0.0031507242234747094
0.0007108000680529896,1.4105108095260925,0.002106510354196307,0.02679144475860921
0.0029593337655199983,1.008409499034261,0.00033401198796753536,0.017908069516494655
4.759009744073067e-05,0.9360607566311182,0.002476785443340032,0.014674289108992093
0.0019704777191584372,0.7699524188218584,0.0012071371010715529,0.025916919454801717
1.9750177771211508e-05,0.1592260195210748,0.001046160101214484,0.007583630814245258
8.386900943810733e-05,0.22001751007624532,0.0018357997596630002,0.002302909150947768
0.0015649242213704722,0.25783583504518026,0.007169087884119099,0.008721442875996476
0.0006058554248200499,0.3408537468256406,0.002000731070851244,0.0037170746756572085
0.0006431468092114056,1.0068625543925047,0.0058322482111168965,0.016043287252560514
0.09150314885662535,28.20952833933913,2.2956127200422087,0.09699089992297268
0.006363350336618341,3.615230202309143,0.038802922057228524,0.1438400638865924
0.018458001900465044,3.663127707926895,0.0559675646191136,0.1016983204778546
0.0002227475492519782,0.8605293585005844,0.002196763294363049,0.0021142669754635056
0.009463242681170199,1.1019004433881396,0.0035625909142754167,0.013301543175580141
0.0007751041575310751,2.242786151570212,0.004253345496633132,0.0031507242234747094
0.0007108000680529896,1.4105108095260925,0.002106510354196307,0.02679144475860921
0.0029593337655199983,1.008409499034261,0.00033401198796753536,0.017908069516494655
4.759009744073067e-05,0.9360607566311182,0.002476785443340032,0.014674289108992093
1.9750177771211508e-05,0.1592260195210748,0.001046160101214484,0.007583630814245258
0.0019704777191584372,0.7699524188218584,0.0012071371010715529,0.025916919454801717
0.0015649242213704722,0.25783583504518026,0.007169087884119099,0.008721442875996476
8.386900943810733e-05,0.22001751007624532,0.0018357997596630002,0.002302909150947768
0.0006058554248200499,0.3408537468256406,0.002000731070851244,0.0037170746756572085
0.0006431468092114056,1.0068625543925047,0.0058322482111168965,0.016043287252560514
0.25063304194597735,229.6621736424859,53.82952177467746,0.40527573701962183
0.7339920456310648,20.404507594507248,4.818947400289981,0.10349975018121836
0.05401926721642852,12.109920327473858,1.968484220419141,0.059398954074063585
0.000638142028371336,9.835325637043582,0.8779701112013094,0.00816693598800788
0.0009588356850623849,10.031640056892947,0.7516520576533545,0.011264488898204047
5.935574129274546e-05,3.831453863847803,0.01628448406097212,0.007806575930213317
0.0018835100608634717,1.546603805225759,0.013061007364213964,0.04332522875669367
2.6903599218115136e-05,1.6418333326834704,0.004119746244324314,0.034694319334606774
0.00028223867681497253,1.728877629552188,0.0028268784224520054,0.01996855959907134
0.0031990851985633072,1.8034613772248789,0.029715208578123552,0.07390491741440276
0.0014723965678713783,1.5938837153202925,0.006262068345535377,0.006679019559860777
0.0038634633227344565,0.2647187160438338,0.005250565460043713,0.001557436714422076
0.0069851378459071,0.38888133681530507,0.0040211718878478235,0.00941436206603603
0.00013862947454449493,0.31678433216248886,0.0007282645519843369,0.0016114567167728568
0.00011784216493734296,1.5258955158310068,0.006550721905292489,0.036232237936885146
0.25063304194597735,229.6621736424859,53.82952177467746,0.40527573701962183
0.05401926721642852,12.109920327473858,1.968484220419141,0.059398954074063585
0.7339920456310648,20.404507594507248,4.818947400289981,0.10349975018121836
0.000638142028371336,9.835325637043582,0.8779701112013094,0.00816693598800788
0.0009588356850623849,10.031640056892947,0.7516520576533545,0.011264488898204047
5.935574129274546e-05,3.831453863847803,0.01628448406097212,0.007806575930213317
2.6903599218115136e-05,1.6418333326834704,0.004119746244324314,0.034694319334606774
0.0018835100608634717,1.546603805225759,0.013061007364213964,0.04332522875669367
0.00028223867681497253,1.728877629552188,0.0028268784224520054,0.01996855959907134
0.0031990851985633072,1.8034613772248789,0.029715208578123552,0.07390491741440276
0.0038634633227344565,0.2647187160438338,0.005250565460043713,0.001557436714422076
0.0014723965678713783,1.5938837153202925,0.006262068345535377,0.006679019559860777
0.0069851378459071,0.38888133681530507,0.0040211718878478235,0.00941436206603603
0.00011784216493734296,1.5258955158310068,0.006550721905292489,0.036232237936885146
0.00013862947454449493,0.31678433216248886,0.0007282645519843369,0.0016114567167728568
0.3398923729614725,31.04643193059803,5.5154447413515895,0.2905902818651726
0.25772234847180864,48.06445745414396,11.832651149258284,0.10906393595324242
0.005561502667744544,5.315220723403369,1.6866533982811553,0.3026053653181136
0.005342362376964123,1.0575467665719984,0.0036488068936969685,0.04564751974131346
0.005063589824197636,4.019422680235388,0.10238249165528818,0.0754925376538491
0.003343636712916509,0.7184358266530613,0.012185853960141773,0.020720143642724446
0.006810171144549293,3.467524195785954,0.05867668723729278,0.15368838598036155
0.015551883254794958,5.636358375677673,0.17720899766079357,0.4146793139458554
5.407058875897031e-06,1.2344931875095584,0.00484259026277618,0.05737571257584045
0.0003399617314992276,0.6257486446948232,0.0027500074668745864,0.030872276377506294
0.001994995052071804,0.8399569360384807,0.0015948492885683356,0.055979311929293916
0.0025679235994563085,1.969931093230318,0.002601979686704764,0.12708323990118767
0.0037657133104754283,1.109419767348238,0.0006424588583356205,0.11523773040124165
0.006083046180228059,1.4229465271795367,0.002344600647763016,0.048460188561784225
0.0014154375341708812,1.23857577312353,0.0014881685059457538,0.09220722947202958
0.00045442340187488924,0.2967045462761773,0.0014656566781164448,0.041690271197642105
0.003810123679169552,1.984995079654111,0.0051592601596397785,0.02421593498848061
0.0104314478170046,0.9949352993144274,0.01544922533904171,0.039858195216076246
0.002382571229290403,0.2745990798259791,0.0032257748189728104,0.025390208549714494
0.0003425796515942104,0.4515847029281207,0.0016523925926083356,0.054740381829970035
0.0032569121268933576,1.1033009850051683,0.004024503363904707,0.06815219165805662
0.00207709447034194,1.0228854889806491,0.006802106031620032,0.038014749352449105
0.0017501062264889064,0.2883644976325504,0.002949043587372326,0.0015058133314656919
2.6350572288058373e-06,0.8815453469405495,0.0019414473242134942,0.0018964669574800086
0.003966730197293386,0.9465097477360956,0.006531796742815943,0.01776021752401101
0.002508186483335605,0.2161179006082502,0.0055908040542089685,0.015195941334978718
0.002508186483335605,0.2161179006082502,0.0055908040542089685,0.015195941334978718
0.00013862947454449493,0.31678433216248886,0.0007282645519843369,0.0016114567167728568
0.0069851378459071,0.38888133681530507,0.0040211718878478235,0.00941436206603603
7.915706997290067e-05,0.3765858769102288,0.0031033215548523963,0.021174997889292026
0.00045442340187488924,0.2967045462761773,0.0014656566781164448,0.041690271197642105
0.00020258830253391068,0.24961911317236732,0.0013405925865502477,0.0015777871909699126
0.3674711599067468,9.667742799360717,1.150644006105788,0.5132672884160899
4.246722367081627e-07,0.7808296312778269,0.0012675070571782367,0.006755691205761299
0.08442649874958356,8.023134865541852,1.036925348363956,0.055086568666922985
0.002382571229290403,0.2745990798259791,0.0032257748189728104,0.025390208549714494
0.0003425796515942104,0.4515847029281207,0.0016523925926083356,0.054740381829970035
0.0032569121268933576,1.1033009850051683,0.004024503363904707,0.06815219165805662
0.003810123679169552,1.984995079654111,0.0051592601596397785,0.02421593498848061
0.0104314478170046,0.9949352993144274,0.01544922533904171,0.039858195216076246
0.00207709447034194,1.0228854889806491,0.006802106031620032,0.038014749352449105
0.0017501062264889064,0.2883644976325504,0.002949043587372326,0.0015058133314656919
2.6350572288058373e-06,0.8815453469405495,0.0019414473242134942,0.0018964669574800086
0.003966730197293386,0.9465097477360956,0.006531796742815943,0.01776021752401101
0.002508186483335605,0.2161179006082502,0.0055908040542089685,0.015195941334978718
0.00257486971291765,1.1221890672748815,0.0004199110136523947,0.004035675702926814
0.014337079666354474,8.236619991720042,1.8082397713278215,0.32808928786980385
0.0018056594227201888,3.131599617567829,0.2852326409798533,0.034083038616127846
5.871171980109887e-05,0.9744167641672022,0.010701724884567894,0.004124661579309821
0.00011514899274953998,0.20884243625652665,0.0013698167115658898,0.004091513036820975
4.80174363291082e-06,0.8408341410973057,0.008907660853674284,0.007916195032835043
0.0004952328976374128,1.3368074094071176,0.009017293856151043,0.01762120913365843
1.45940222364938e-05,0.6861171202003871,0.002816889967735178,0.008485174483209889
0.000582589531860055,1.2569701719908097,0.008529966347516115,0.007082560484599143
0.0010821828789859122,1.1753887891778498,0.004095704666770153,0.014495815560073183
3.793142013704574e-05,0.5465519581843992,0.002508763129684861,0.0008145511711227897
0.0005707991750444151,1.524461106977924,0.002341448265074236,0.010691384031778106
7.915706997290067e-05,0.3765858769102288,0.0031033215548523963,0.021174997889292026
0.0043246573411008776,0.1582415407312185,0.009791783108139081,0.013388718763159599
7.274184170096278e-05,0.5666936532491187,0.0021014794953715028,0.010320547768831269
2.010298079445992,66.81677321122542,13.723138208490328,2.1886056956244055
0.002077362549661598,2.5653702913122975,0.006005375963341335,0.028243069170193313
0.000719406307820235,0.6875245043151181,0.0008314242783965709,0.019584412365019965
0.0009083009156736567,1.5423186782250116,0.0020415415425435036,0.015391887773047834
0.0008345924916946676,0.881112134533093,0.006354561836300556,0.03366469491532226
0.004167771170538541,1.7514881542040523,0.02258371902095342,0.027976943107369173
1.7093072486832445e-05,1.0221377464033488,0.003705726892160671,0.0065048169106636895
0.002225281761726493,0.8974828719268931,0.0021242994688062075,0.01837684086811394
0.002648933423336677,1.6683722863420447,0.014165271021597195,0.006744512264936457
0.0043842249302774,1.0575506760680056,0.0055300644817994965,0.06380477222779753
1.5410000378272385e-05,0.638323340321612,0.005127384394947292,0.015613884333531702
0.000897825757319665,0.5016314100967634,0.002958863079371442,0.04014247280732384
0.0002347477332137213,0.34596192384568436,0.0016565369047560115,0.002646553636427108
5.7242809439261696e-05,0.6485306861599034,0.0005264423769429967,0.005747223179981022
0.0014973005837105834,2.1084687282144374,0.007374444486451414,0.01443071734162167
3.2755844238408027,114.30548682423353,17.7081664913245,0.937037565313351
0.02327611462855242,51.10325737588189,8.10528121270612,0.90623961777312
0.03698043974092769,35.87529383612085,5.337758642753218,0.31694810526534173
0.028410075754262246,30.945310075725914,4.957435520701179,0.372477157816639
0.045379584769686794,6.084858766725002,0.19694624670097696,0.2385152865416861
0.007982437688971706,7.061773654374121,0.3938649233273425,0.018258677395078964
0.003096605891774351,1.1877922392177696,0.0030590911180436897,0.016773835562422807
0.0017359039209543653,1.9898307534790576,0.019354099863351893,0.007169230447211483
7.936067225432153e-05,1.7569709221558165,0.0008766979677477445,0.007750120350750116
0.0011896321022246198,0.5415332788946066,0.009592765945971396,0.0030256845543905433
0.0029978358136938496,0.3836056603280097,0.0021005967431684744,0.026693417153974067
3.796588476453117e-05,0.23041137118406926,0.000893448030607473,0.0017549232783756969
0.00022189074970474274,0.5062452526656628,0.0012544737219686937,0.04970589505796926
0.0016973922081621317,1.267060079670945,0.0007957883649525444,0.006445811945164936
7.105143368419822e-05,0.5472059584347125,0.0012974622308220337,0.006624004687811241
0.00031307869874367143,208.09515448872105,37.59035344698984,11.619357589552761
0.022257536968242675,15.539082288269023,1.414709173209357,0.31322084198275824
0.08520864153025048,18.251581798542944,2.6873353855222155,0.036218750224899864
9.605655953225287e-06,4.908743318204841,0.13425144064506678,0.21725334025069254
4.141195188711291e-05,13.261144676385193,3.892594906322604,0.04814450631559797
0.02869070997247204,8.045516611408488,1.450154963343748,0.4169459048023934
0.004182107521315472,3.369970182174758,0.05136957236258683,0.1299365978266901
0.0036038276177183183,0.5773460284478626,0.006987335000544061,0.017199131234326332
0.0002234424425900834,0.9529401091440272,0.00206529551715241,0.05290780684212931
0.005918541562354594,3.9984673487506432,0.0309223562500557,0.2063880541928694
0.00532213216038101,2.0884800694283214,0.01013789906014419,0.11157761710296941
0.0005212268369350671,1.923197396887816,0.003117156109345079,0.044107039842940454
3.506990745683596e-05,0.6800126305132822,0.0035956473851081958,0.021096326849589137
9.001683055654428e-05,3.2569116052527045,0.01946047889899665,0.08785317487583133
0.010666292867396706,1.356857375245032,0.0034323005616835045,0.08185341877281502
0.025526449854729568,0.6849366990273479,0.02157456235697768,0.01296731135911443
0.03746021333036405,24.891319126759967,3.718048723961383,0.3353440610582616
0.00661928191258834,5.120940177013996,0.09875730152970642,0.18066215359074886
0.0038867110484244564,0.9694585922105257,0.010856363418908221,0.04879715279769037
0.005484844811622096,2.270124181884479,0.0049767570653859354,0.022994968433369654
0.004416365250321815,1.0109022077457952,0.010607117958131539,0.03347315822754788
0.012979621412061574,1.7170910914831836,0.02085328277942036,0.07876612589079818
0.0004967112473428002,0.99440529242518,0.004774261411024567,0.021709166829902735
0.014728843332835166,0.3367651234705677,0.021740921282164986,0.027304230471812185
0.011256915346603912,0.6388995742121115,0.005749486906967832,0.010053883017674046
0.004691017015544332,0.27646929527525177,0.006498635161530133,0.010174430014913785
0.005157304736056137,0.3393311048619279,0.008803931094776707,0.047376399368178924
0.010699625396580807,0.577761646541117,0.006649649587602588,0.027115610102732567
0.004445537917042739,1.1821331053746649,0.005626444909167301,0.0146385323320055
0.002287702549102627,1.6229751741195593,0.0023473845445516964,0.019629725827635048
0.03283475935857524,2.2180291124843046,0.037209772641971055,0.08864222188062182
0.0004840985984657343,10.800341482862274,0.5491352746858067,0.07477728454133867
0.03769669077542712,8.622663561218394,0.4461748625299767,0.7214007559925508
0.050575414451519855,9.2924080736486,0.34796038863501494,0.5090410790712917
0.009580131636791368,3.520735659741556,0.022440685288942414,0.17047931697481056
0.011428662104582994,1.1318802018061764,0.007034683051690394,0.01660512288924817
0.002901949499266326,2.278376569304578,0.03716670933981745,0.07078313416881185
1.1339025711613808,174.20489940561754,38.155546159275595,0.048121461695699565
0.0004912406603351339,6.815661082323867,0.993931575015897,0.044628484461220704
0.14840663337041418,20.58879232249595,3.960981366871922,0.7268052140224582
0.005893201276371547,3.6138604009821242,0.10241879982117959,0.45207431007726934
0.012385835631720516,4.607825100780814,0.12958724373859473,0.04567035315954632
0.006442244126562933,0.8105558179320356,0.015204610418000544,0.11143533500019341
0.0021561051319890436,2.860965282131357,0.03857214060179985,0.3223848938864824
0.002203862473551057,1.5668783176360463,0.005415982556265834,0.034383992224824
0.039351583940422256,9.646430285299953,0.7383714011481387,0.02227906282542628
0.0035916652494181,1.2159634575837424,0.0029563820011862117,0.02197208636500997
0.007794393613330452,0.73896110514043,0.019609458256458084,0.027346305774618853
0.009021332342446018,2.106958746906061,0.011897001622195131,0.027168004854721164
0.0028825237147296185,1.2080996263471009,0.012371455662011498,0.01948107555864931
9.225629870345703e-05,2.211093218742784,0.008274151912684649,0.01552891007904913
0.0010192627203598197,1.9617997254819224,0.0034655818073222704,0.012384345088423314
0.014947614840961153,0.35571527821173515,0.015762847298450056,0.03329029600675857
0.0037299239671023106,0.5667441669005064,0.003980061332535108,0.018986715929469572
0.0009126237266170511,0.5051133868904948,0.0008909328191489962,0.020738919084838412
0.0028402606368456815,1.2763314214549353,0.0003274391754872213,0.007264590509360436
0.00020558228225322006,1.2611822248090154,0.0016533389096782822,0.007856437425511627
0.008350042697244243,0.08191916822253023,0.010221909143121176,0.011016256291646107
0.007007880175696139,0.9706611971451944,0.0017317551854203151,0.006837824164091248
0.0009846982416995473,0.7167329892738517,0.002709154454076389,0.00290100035184733
0.039351583940422256,9.646430285299953,0.7383714011481387,0.02227906282542628
0.0035916652494181,1.2159634575837424,0.0029563820011862117,0.02197208636500997
0.007794393613330452,0.73896110514043,0.019609458256458084,0.027346305774618853
0.009021332342446018,2.106958746906061,0.011897001622195131,0.027168004854721164
0.0028825237147296185,1.2080996263471009,0.012371455662011498,0.01948107555864931
9.225629870345703e-05,2.211093218742784,0.008274151912684649,0.01552891007904913
0.0010192627203598197,1.9617997254819224,0.0034655818073222704,0.012384345088423314
0.014947614840961153,0.35571527821173515,0.015762847298450056,0.03329029600675857
0.0037299239671023106,0.5667441669005064,0.003980061332535108,0.018986715929469572
0.0009126237266170511,0.5051133868904948,0.0008909328191489962,0.020738919084838412
0.0028402606368456815,1.2763314214549353,0.0003274391754872213,0.007264590509360436
0.00020558228225322006,1.2611822248090154,0.0016533389096782822,0.007856437425511627
0.008350042697244243,0.08191916822253023,0.010221909143121176,0.011016256291646107
0.007007880175696139,0.9706611971451944,0.0017317551854203151,0.006837824164091248
0.0009846982416995473,0.7167329892738517,0.002709154454076389,0.00290100035184733
0.02942210292562174,76.42090124037406,17.716316816783714,0.15406483322533862
0.0033159906152724107,16.004019601499888,4.54412081719412,0.0872411546231533
0.0008590904664307653,7.312395286374078,1.3236393763217744,0.026829751276690173
0.0007164563174274894,2.600557171321082,0.015878067656962293,0.022990746168373707
0.003037191704637327,0.493534540364424,0.012116856702768136,0.024890264157484382
0.0009824331868741529,0.3585419575424534,0.0033182241465885224,0.04028539869017166
0.012042860691258093,1.964148245030663,0.09637679467464623,0.0762686991306059
0.00031623910742735337,3.6648814834956536,0.08485156409293625,0.08839949683395604
0.00032046548947890085,0.9228062700761285,0.014086492506064606,0.012813088908873421
0.003426595532611246,1.0137635060482328,0.016952303144890424,0.09373006614096807
0.00017962616646606078,0.4252244968025858,0.004275771697333757,0.012056827868976702
0.003083724248547771,0.7402437724307696,0.004135656244786208,0.0505638110760793
0.00020482588776806344,0.8253880076405324,0.0023103940697578305,0.015337451936430187
0.008359989935218715,1.2418496939214039,0.003349105938846408,0.06618220598086297
0.003141490151340886,0.27655802028003984,0.007118919390872357,0.018303642197066403
